{"assets":{"3A2C1AB20C3AFADA374A07A5BBEED794":{"type":"texture","index":18,"assetRequest":{"type":"slide","state":"incoming","slide":"0D5E8077-1385-4BFE-9C87-AA1F0ED6BA78"},"url":{"web":"assets/3A2C1AB20C3AFADA374A07A5BBEED794.png"},"width":960,"height":540},"2410954C1ED15F6DD3F125855AAAAC9D":{"type":"texture","index":15,"assetRequest":{"type":"slide","state":"contents","slide":"4B7DDB76-B606-4795-AC2D-BAA737B4C908"},"url":{"web":"assets/2410954C1ED15F6DD3F125855AAAAC9D.png"},"width":885,"height":290},"0425E60F224E40A076DD0404F6CDE176":{"type":"texture","index":14,"assetRequest":{"type":"slide","state":"contents","slide":"4B7DDB76-B606-4795-AC2D-BAA737B4C908"},"url":{"web":"assets/0425E60F224E40A076DD0404F6CDE176.png"},"width":397,"height":38},"079F8AD6B4545016392B41106591B174":{"type":"texture","index":13,"assetRequest":{"type":"slide","state":"contents","slide":"4B7DDB76-B606-4795-AC2D-BAA737B4C908"},"url":{"web":"assets/079F8AD6B4545016392B41106591B174.svg"},"width":960,"height":540},"1A2F0FE678B8FF8FD02AE7E1AE919025":{"type":"texture","index":16,"assetRequest":{"type":"slide","state":"contents","slide":"4B7DDB76-B606-4795-AC2D-BAA737B4C908"},"url":{"web":"assets/1A2F0FE678B8FF8FD02AE7E1AE919025.svg"},"width":579,"height":161},"A9944FCE9E970BDF4428B6A7239E8687":{"type":"texture","index":17,"assetRequest":{"type":"slide","state":"outgoing","slide":"4B7DDB76-B606-4795-AC2D-BAA737B4C908"},"url":{"web":"assets/A9944FCE9E970BDF4428B6A7239E8687.png"},"width":960,"height":540}},"events":[{"effects":[{"beginTime":0,"baseLayer":{"animations":[],"initialState":{"affineTransform":[1,0,0,1,0,0],"masksToBounds":false,"rotation":0,"scale":1,"position":{"pointX":490.2392444610596,"pointY":234.4292601653397},"width":895.7284126281738,"sublayerTransform":[1,0,0,0,0,1,0,0,0,0,1,0,0,0,0,1],"contentsRect":{"y":0,"x":0,"width":1,"height":1},"opacity":1,"edgeAntialiasingMask":251658240,"height":306.2221677916168,"hidden":false,"anchorPoint":{"pointX":0.5,"pointY":0.5}},"objectID":"B9E573EE-306E-45EF-9717-C09AF6006385","layers":[{"animations":[],"initialState":{"affineTransform":[1,0,0,1,0,0],"masksToBounds":false,"rotation":0,"scale":1,"position":{"pointX":437.6249618530273,"pointY":188.6818237304688},"width":895.7284126281738,"sublayerTransform":[1,0,0,0,0,1,0,0,0,0,1,-0.0007001582493355197,0,0,0,1],"contentsRect":{"y":0,"x":0,"width":1,"height":1},"opacity":1,"edgeAntialiasingMask":251658240,"height":306.2221677916168,"hidden":false,"anchorPoint":{"pointX":0.4885688068875516,"pointY":0.6161599112539302}},"layers":[{"animations":[{"timeOffset":0,"beginTime":1e-100,"repeatCount":0,"animations":[{"timeOffset":0,"from":{"scalar":0},"beginTime":0,"repeatCount":0,"fillMode":"both","duration":2.5,"autoreverses":false,"timingFunction":"EaseInEaseOut","property":"opacity","to":{"scalar":1}},{"timeOffset":0,"from":{"scalar":false},"beginTime":0,"repeatCount":0,"fillMode":"forwards","property":"hidden","autoreverses":false,"duration":2.5,"to":{"scalar":false}}],"fillMode":"both","autoreverses":false,"duration":2.5}],"layers":[],"initialState":{"affineTransform":[1,0,0,1,0,0],"masksToBounds":false,"rotation":0,"scale":1,"position":{"pointX":445.1249618530273,"pointY":152.6818237304688},"width":885,"sublayerTransform":[1,0,0,0,0,1,0,0,0,0,1,0,0,0,0,1],"contentsRect":{"y":0,"x":0,"width":1,"height":1},"opacity":1,"edgeAntialiasingMask":0,"height":290,"hidden":true,"anchorPoint":{"pointX":0.5,"pointY":0.5}},"texture":"2410954C1ED15F6DD3F125855AAAAC9D"}]}]},"effects":[],"duration":2.5,"type":"buildIn","attributes":{"direction":0},"name":"com.apple.iWork.Keynote.FromDarkness","objectID":"B9E573EE-306E-45EF-9717-C09AF6006385"}],"automaticPlay":false,"hyperlinks":[],"accessibility":[{"text":"基于年代的对象内存管理","targetRectangle":{"y":10.24472427368164,"x":54.59999990463257,"width":396.8799999999999,"height":50}},{"text":"jsgct_dt_001_armgnt_gn.png","targetRectangle":{"y":387.3458251953125,"x":45.97637176513672,"width":575.21044921875,"height":157.9341735839844}}],"baseLayer":{"animations":[],"initialState":{"affineTransform":[1,0,0,1,0,0],"masksToBounds":false,"rotation":0,"scale":1,"position":{"pointX":480,"pointY":270},"width":960,"sublayerTransform":[1,0,0,0,0,1,0,0,0,0,1,0,0,0,0,1],"contentsRect":{"y":0,"x":0,"width":1,"height":1},"opacity":1,"edgeAntialiasingMask":251658240,"height":540,"hidden":false,"anchorPoint":{"pointX":0.5,"pointY":0.5}},"layers":[{"animations":[],"initialState":{"affineTransform":[1,0,0,1,0,0],"masksToBounds":false,"rotation":0,"scale":1,"position":{"pointX":480,"pointY":270},"width":960,"sublayerTransform":[1,0,0,0,0,1,0,0,0,0,1,0,0,0,0,1],"contentsRect":{"y":0,"x":0,"width":1,"height":1},"opacity":1,"edgeAntialiasingMask":251658240,"height":540,"hidden":false,"anchorPoint":{"pointX":0.5,"pointY":0.5}},"layers":[{"animations":[],"initialState":{"affineTransform":[1,0,0,1,0,0],"masksToBounds":false,"rotation":0,"scale":1,"position":{"pointX":480,"pointY":270},"width":960,"sublayerTransform":[1,0,0,0,0,1,0,0,0,0,1,0,0,0,0,1],"contentsRect":{"y":0,"x":0,"width":1,"height":1},"opacity":1,"edgeAntialiasingMask":251658240,"height":540,"hidden":false,"anchorPoint":{"pointX":0.5,"pointY":0.5}},"layers":[{"animations":[],"layers":[],"initialState":{"affineTransform":[1,0,0,1,0,0],"masksToBounds":false,"rotation":0,"scale":1,"position":{"pointX":480,"pointY":270},"width":960,"sublayerTransform":[1,0,0,0,0,1,0,0,0,0,1,0,0,0,0,1],"contentsRect":{"y":0,"x":0,"width":1,"height":1},"opacity":1,"edgeAntialiasingMask":0,"height":540,"hidden":false,"anchorPoint":{"pointX":0.5,"pointY":0.5}},"texture":"079F8AD6B4545016392B41106591B174"}]}]},{"animations":[],"initialState":{"affineTransform":[1,0,0,1,0,0],"masksToBounds":false,"rotation":0,"scale":1,"position":{"pointX":480,"pointY":270},"width":960,"sublayerTransform":[1,0,0,0,0,1,0,0,0,0,1,0,0,0,0,1],"contentsRect":{"y":0,"x":0,"width":1,"height":1},"opacity":1,"edgeAntialiasingMask":251658240,"height":540,"hidden":false,"anchorPoint":{"pointX":0.5,"pointY":0.5}},"layers":[{"animations":[],"initialState":{"affineTransform":[1,0,0,1,0,0],"masksToBounds":false,"rotation":0,"scale":1,"position":{"pointX":450,"pointY":35.07966596281631},"width":798,"sublayerTransform":[1,0,0,0,0,1,0,0,0,0,1,0,0,0,0,1],"contentsRect":{"y":0,"x":0,"width":1,"height":1},"opacity":1,"edgeAntialiasingMask":251658240,"height":56.86988318753447,"hidden":false,"anchorPoint":{"pointX":0.5,"pointY":0.5}},"objectID":"2FD75D44-7E88-4E06-BC1C-CF521F3990B9","layers":[{"animations":[],"layers":[],"initialState":{"affineTransform":[1,0,0,1,0,0],"masksToBounds":false,"rotation":0,"scale":1,"position":{"pointX":202.5,"pointY":28.35527563095093},"width":397,"sublayerTransform":[1,0,0,0,0,1,0,0,0,0,1,0,0,0,0,1],"contentsRect":{"y":0,"x":0,"width":1,"height":1},"opacity":1,"edgeAntialiasingMask":0,"height":38,"hidden":false,"anchorPoint":{"pointX":0.5,"pointY":0.5}},"texture":"0425E60F224E40A076DD0404F6CDE176"}]}]},{"animations":[],"initialState":{"affineTransform":[1,0,0,1,0,0],"masksToBounds":false,"rotation":0,"scale":1,"position":{"pointX":480,"pointY":270},"width":960,"sublayerTransform":[1,0,0,0,0,1,0,0,0,0,1,0,0,0,0,1],"contentsRect":{"y":0,"x":0,"width":1,"height":1},"opacity":1,"edgeAntialiasingMask":251658240,"height":540,"hidden":false,"anchorPoint":{"pointX":0.5,"pointY":0.5}},"layers":[{"animations":[],"initialState":{"affineTransform":[1,0,0,1,0,0],"masksToBounds":false,"rotation":0,"scale":1,"position":{"pointX":490.2392444610596,"pointY":234.4292601653397},"width":895.7284126281738,"sublayerTransform":[1,0,0,0,0,1,0,0,0,0,1,0,0,0,0,1],"contentsRect":{"y":0,"x":0,"width":1,"height":1},"opacity":1,"edgeAntialiasingMask":251658240,"height":306.2221677916168,"hidden":false,"anchorPoint":{"pointX":0.5,"pointY":0.5}},"objectID":"B9E573EE-306E-45EF-9717-C09AF6006385","layers":[{"animations":[],"layers":[],"initialState":{"affineTransform":[1,0,0,1,0,0],"masksToBounds":false,"rotation":0,"scale":1,"position":{"pointX":445.1249618530273,"pointY":152.6818237304688},"width":885,"sublayerTransform":[1,0,0,0,0,1,0,0,0,0,1,0,0,0,0,1],"contentsRect":{"y":0,"x":0,"width":1,"height":1},"opacity":1,"edgeAntialiasingMask":0,"height":290,"hidden":true,"anchorPoint":{"pointX":0.5,"pointY":0.5}},"texture":"2410954C1ED15F6DD3F125855AAAAC9D"}]}]},{"animations":[],"initialState":{"affineTransform":[1,0,0,1,0,0],"masksToBounds":false,"rotation":0,"scale":1,"position":{"pointX":480,"pointY":270},"width":960,"sublayerTransform":[1,0,0,0,0,1,0,0,0,0,1,0,0,0,0,1],"contentsRect":{"y":0,"x":0,"width":1,"height":1},"opacity":1,"edgeAntialiasingMask":251658240,"height":540,"hidden":false,"anchorPoint":{"pointX":0.5,"pointY":0.5}},"layers":[{"animations":[],"initialState":{"affineTransform":[1,0,0,1,0,0],"masksToBounds":false,"rotation":0,"scale":1,"position":{"pointX":333.5815963745117,"pointY":466.3129119873047},"width":575.21044921875,"sublayerTransform":[1,0,0,0,0,1,0,0,0,0,1,0,0,0,0,1],"contentsRect":{"y":0,"x":0,"width":1,"height":1},"opacity":1,"edgeAntialiasingMask":251658240,"height":157.9341735839844,"hidden":false,"anchorPoint":{"pointX":0.5,"pointY":0.5}},"objectID":"159AEEAB-2BA1-410E-9881-CA282D3B5AF3","layers":[{"animations":[],"layers":[],"initialState":{"affineTransform":[1,0,0,1,0,0],"masksToBounds":false,"rotation":0,"scale":1,"position":{"pointX":287.5236282348633,"pointY":79.1541748046875},"width":579,"sublayerTransform":[1,0,0,0,0,1,0,0,0,0,1,0,0,0,0,1],"contentsRect":{"y":0,"x":0,"width":1,"height":1},"opacity":1,"edgeAntialiasingMask":0,"height":161,"hidden":false,"anchorPoint":{"pointX":0.5,"pointY":0.5}},"texture":"1A2F0FE678B8FF8FD02AE7E1AE919025"}]}]}]}},{"effects":[{"beginTime":0,"baseLayer":{"animations":[],"initialState":{"affineTransform":[1,0,0,1,0,0],"masksToBounds":false,"rotation":0,"scale":1,"position":{"pointX":480,"pointY":270},"width":960,"sublayerTransform":[1,0,0,0,0,1,0,0,0,0,1,0,0,0,0,1],"contentsRect":{"y":0,"x":0,"width":1,"height":1},"opacity":1,"edgeAntialiasingMask":251658240,"height":540,"hidden":false,"anchorPoint":{"pointX":0.5,"pointY":0.5}},"objectID":"0","layers":[{"animations":[],"initialState":{"affineTransform":[1,0,0,1,0,0],"masksToBounds":false,"rotation":0,"scale":1,"position":{"pointX":480,"pointY":270},"width":960,"sublayerTransform":[1,0,0,0,0,1,0,0,0,0,1,-0.0007001582493355197,0,0,0,1],"contentsRect":{"y":0,"x":0,"width":1,"height":1},"opacity":1,"edgeAntialiasingMask":251658240,"height":540,"hidden":false,"anchorPoint":{"pointX":0.5,"pointY":0.5}},"layers":[{"animations":[],"layers":[],"initialState":{"affineTransform":[1,0,0,1,0,0],"masksToBounds":false,"rotation":0,"scale":1,"position":{"pointX":480,"pointY":270},"width":960,"sublayerTransform":[1,0,0,0,0,1,0,0,0,0,1,0,0,0,0,1],"contentsRect":{"y":0,"x":0,"width":1,"height":1},"opacity":1,"edgeAntialiasingMask":0,"height":540,"hidden":false,"anchorPoint":{"pointX":0.5,"pointY":0.5}},"texture":"3A2C1AB20C3AFADA374A07A5BBEED794"},{"animations":[{"timeOffset":0,"from":{"scalar":false},"beginTime":0,"repeatCount":0,"fillMode":"both","property":"hidden","autoreverses":false,"duration":0.01,"to":{"scalar":true}}],"layers":[],"initialState":{"affineTransform":[1,0,0,1,0,0],"masksToBounds":false,"rotation":0,"scale":1,"position":{"pointX":480,"pointY":270},"width":960,"sublayerTransform":[1,0,0,0,0,1,0,0,0,0,1,0,0,0,0,1],"contentsRect":{"y":0,"x":0,"width":1,"height":1},"opacity":1,"edgeAntialiasingMask":0,"height":540,"hidden":false,"anchorPoint":{"pointX":0.5,"pointY":0.5}},"texture":"A9944FCE9E970BDF4428B6A7239E8687"}]}]},"effects":[],"duration":0.01,"type":"transition","name":"none","objectID":"0"}],"automaticPlay":false,"hyperlinks":[],"accessibility":[{"text":"基于年代的对象内存管理","targetRectangle":{"y":10.24472427368164,"x":54.59999990463257,"width":396.8799999999999,"height":50}},{"text":"新生代(young generation：minor gc(YGC)","targetRectangle":{"y":84.91817617416382,"x":63.97503781318665,"width":503.1796875,"height":40}},{"text":"eden:新对象首先被分配到该区域（如果对象很大则直接分配到老年代 ","targetRectangle":{"y":120.9181752204895,"x":99.97503805160522,"width":729.97265625,"height":38.00010442733765}},{"text":"存活区(survivor)1 2：minor gc后存活的对象被交替移动到其中一个区域，在该区域存活一定次数后移动到老年代（如果minor gc时该区域不足也会被直接移动到老年代","targetRectangle":{"y":155.6182684183096,"x":99.97503805160522,"width":829.98046875,"height":97.39999842643738}},{"text":"老年代(old generation:  major gc(FGC)","targetRectangle":{"y":249.7182660579656,"x":63.97503781318665,"width":447.904296875,"height":50}},{"text":"持久代(perm: 类元信息、常量、字符串等，FGC时同时回收改区域（JDK8 取消了该区域，MetaData）","targetRectangle":{"y":295.7182651042913,"x":63.97503781318665,"width":808.103515625,"height":86.00010869502734}},{"text":"jsgct_dt_001_armgnt_gn.png","targetRectangle":{"y":387.3458251953125,"x":45.97637176513672,"width":575.21044921875,"height":157.9341735839844}}],"baseLayer":{"animations":[],"initialState":{"affineTransform":[1,0,0,1,0,0],"masksToBounds":false,"rotation":0,"scale":1,"position":{"pointX":480,"pointY":270},"width":960,"sublayerTransform":[1,0,0,0,0,1,0,0,0,0,1,0,0,0,0,1],"contentsRect":{"y":0,"x":0,"width":1,"height":1},"opacity":1,"edgeAntialiasingMask":251658240,"height":540,"hidden":false,"anchorPoint":{"pointX":0.5,"pointY":0.5}},"objectID":"0","layers":[{"animations":[],"initialState":{"affineTransform":[1,0,0,1,0,0],"masksToBounds":false,"rotation":0,"scale":1,"position":{"pointX":480,"pointY":270},"width":960,"sublayerTransform":[1,0,0,0,0,1,0,0,0,0,1,-0.0007001582493355197,0,0,0,1],"contentsRect":{"y":0,"x":0,"width":1,"height":1},"opacity":1,"edgeAntialiasingMask":251658240,"height":540,"hidden":false,"anchorPoint":{"pointX":0.5,"pointY":0.5}},"layers":[{"animations":[],"layers":[],"initialState":{"affineTransform":[1,0,0,1,0,0],"masksToBounds":false,"rotation":0,"scale":1,"position":{"pointX":480,"pointY":270},"width":960,"sublayerTransform":[1,0,0,0,0,1,0,0,0,0,1,0,0,0,0,1],"contentsRect":{"y":0,"x":0,"width":1,"height":1},"opacity":1,"edgeAntialiasingMask":0,"height":540,"hidden":false,"anchorPoint":{"pointX":0.5,"pointY":0.5}},"texture":"A9944FCE9E970BDF4428B6A7239E8687"}]}]}}]}