{"assets":{"DBB6A90031E8CE38BA45F120EA8ED5AD":{"type":"texture","index":3,"assetRequest":{"type":"slide","state":"incoming","slide":"EB276539-EA9E-4162-AF59-22AAE1F56F15"},"url":{"web":"assets/DBB6A90031E8CE38BA45F120EA8ED5AD.png"},"width":960,"height":540},"C5C86E3DB630DDE33257F67999398C47":{"type":"texture","index":2,"assetRequest":{"type":"slide","state":"outgoing","slide":"5A2A5CB4-371C-4E3C-AF7E-E5094D4989DA"},"url":{"web":"assets/C5C86E3DB630DDE33257F67999398C47.png"},"width":960,"height":540}},"events":[{"effects":[{"beginTime":0,"baseLayer":{"animations":[],"initialState":{"affineTransform":[1,0,0,1,0,0],"masksToBounds":false,"rotation":0,"scale":1,"position":{"pointX":480,"pointY":270},"width":960,"sublayerTransform":[1,0,0,0,0,1,0,0,0,0,1,0,0,0,0,1],"contentsRect":{"y":0,"x":0,"width":1,"height":1},"opacity":1,"edgeAntialiasingMask":251658240,"height":540,"hidden":false,"anchorPoint":{"pointX":0.5,"pointY":0.5}},"objectID":"0","layers":[{"animations":[],"initialState":{"affineTransform":[1,0,0,1,0,0],"masksToBounds":false,"rotation":0,"scale":1,"position":{"pointX":480,"pointY":270},"width":960,"sublayerTransform":[1,0,0,0,0,1,0,0,0,0,1,-0.0007001582493355197,0,0,0,1],"contentsRect":{"y":0,"x":0,"width":1,"height":1},"opacity":1,"edgeAntialiasingMask":251658240,"height":540,"hidden":false,"anchorPoint":{"pointX":0.5,"pointY":0.5}},"layers":[{"animations":[],"layers":[],"initialState":{"affineTransform":[1,0,0,1,0,0],"masksToBounds":false,"rotation":0,"scale":1,"position":{"pointX":480,"pointY":270},"width":960,"sublayerTransform":[1,0,0,0,0,1,0,0,0,0,1,0,0,0,0,1],"contentsRect":{"y":0,"x":0,"width":1,"height":1},"opacity":1,"edgeAntialiasingMask":0,"height":540,"hidden":false,"anchorPoint":{"pointX":0.5,"pointY":0.5}},"texture":"DBB6A90031E8CE38BA45F120EA8ED5AD"},{"animations":[{"timeOffset":0,"from":{"scalar":false},"beginTime":0,"repeatCount":0,"fillMode":"both","property":"hidden","autoreverses":false,"duration":0.01,"to":{"scalar":true}}],"layers":[],"initialState":{"affineTransform":[1,0,0,1,0,0],"masksToBounds":false,"rotation":0,"scale":1,"position":{"pointX":480,"pointY":270},"width":960,"sublayerTransform":[1,0,0,0,0,1,0,0,0,0,1,0,0,0,0,1],"contentsRect":{"y":0,"x":0,"width":1,"height":1},"opacity":1,"edgeAntialiasingMask":0,"height":540,"hidden":false,"anchorPoint":{"pointX":0.5,"pointY":0.5}},"texture":"C5C86E3DB630DDE33257F67999398C47"}]}]},"effects":[],"duration":0.01,"type":"transition","name":"none","objectID":"0"}],"automaticPlay":false,"hyperlinks":[],"accessibility":[{"text":"目的：简单了解jvm gc原理，对jvm gc调优有简单的认识","targetRectangle":{"y":147.3499999046326,"x":86.1887998497009,"width":558.0288,"height":32}},{"text":"内容：","targetRectangle":{"y":176.1499991416931,"x":86.88000059127808,"width":72,"height":42.59999978542328}},{"text":"jvm内存模型、几种gc collector","targetRectangle":{"y":212.4799990057945,"x":122.8800005912781,"width":314.64,"height":42.59999978542328}},{"text":"简单gc调优和配置","targetRectangle":{"y":248.8099988698959,"x":122.8800005912781,"width":189.144,"height":42.59999978542328}},{"text":"其他：基于jdk8文档","targetRectangle":{"y":285.1399987339973,"x":86.88000059127808,"width":208.344,"height":42.59999978542328}},{"text":"做简单概览，抛砖引玉","targetRectangle":{"y":321.4699985980988,"x":86.88000059127808,"width":240,"height":42.59999978542328}},{"text":"初次分享，讲的不深","targetRectangle":{"y":357.7999984622002,"x":122.8799989162792,"width":190.08,"height":33.79999989271164}},{"text":"［列出大纲","targetRectangle":{"y":386.0899984240532,"x":122.8799989162792,"width":105.6,"height":33.79999989271164}},{"text":"有过深入研究的不用","targetRectangle":{"y":414.3799983859062,"x":122.8799989162792,"width":190.08,"height":33.79999989271164}},{"text":"忙的不用，文档放github","targetRectangle":{"y":442.6699983477592,"x":122.8799989162792,"width":224.56896,"height":33.79999989271164}},{"text":"概要：","targetRectangle":{"y":58.34999990463257,"x":69.59999990463257,"width":132,"height":44}}],"baseLayer":{"animations":[],"initialState":{"affineTransform":[1,0,0,1,0,0],"masksToBounds":false,"rotation":0,"scale":1,"position":{"pointX":480,"pointY":270},"width":960,"sublayerTransform":[1,0,0,0,0,1,0,0,0,0,1,0,0,0,0,1],"contentsRect":{"y":0,"x":0,"width":1,"height":1},"opacity":1,"edgeAntialiasingMask":251658240,"height":540,"hidden":false,"anchorPoint":{"pointX":0.5,"pointY":0.5}},"objectID":"0","layers":[{"animations":[],"initialState":{"affineTransform":[1,0,0,1,0,0],"masksToBounds":false,"rotation":0,"scale":1,"position":{"pointX":480,"pointY":270},"width":960,"sublayerTransform":[1,0,0,0,0,1,0,0,0,0,1,-0.0007001582493355197,0,0,0,1],"contentsRect":{"y":0,"x":0,"width":1,"height":1},"opacity":1,"edgeAntialiasingMask":251658240,"height":540,"hidden":false,"anchorPoint":{"pointX":0.5,"pointY":0.5}},"layers":[{"animations":[],"layers":[],"initialState":{"affineTransform":[1,0,0,1,0,0],"masksToBounds":false,"rotation":0,"scale":1,"position":{"pointX":480,"pointY":270},"width":960,"sublayerTransform":[1,0,0,0,0,1,0,0,0,0,1,0,0,0,0,1],"contentsRect":{"y":0,"x":0,"width":1,"height":1},"opacity":1,"edgeAntialiasingMask":0,"height":540,"hidden":false,"anchorPoint":{"pointX":0.5,"pointY":0.5}},"texture":"C5C86E3DB630DDE33257F67999398C47"}]}]}}]}