{"assets":{"BBA15322167ACD79808D709AFCA9C56D":{"type":"texture","index":48,"assetRequest":{"type":"slide","state":"incoming","slide":"3307376D-324E-4119-9374-06389F0C7DCA"},"url":{"web":"assets/BBA15322167ACD79808D709AFCA9C56D.png"},"width":960,"height":540},"57C8FAFD3666B16C6522961F8C269020":{"type":"texture","index":47,"assetRequest":{"type":"slide","state":"outgoing","slide":"B8B881B0-EBAA-49BC-9EAB-706F157D2EAC"},"url":{"web":"assets/57C8FAFD3666B16C6522961F8C269020.png"},"width":960,"height":540}},"events":[{"effects":[{"beginTime":0,"baseLayer":{"animations":[],"initialState":{"affineTransform":[1,0,0,1,0,0],"masksToBounds":false,"rotation":0,"scale":1,"position":{"pointX":480,"pointY":270},"width":960,"sublayerTransform":[1,0,0,0,0,1,0,0,0,0,1,0,0,0,0,1],"contentsRect":{"y":0,"x":0,"width":1,"height":1},"opacity":1,"edgeAntialiasingMask":251658240,"height":540,"hidden":false,"anchorPoint":{"pointX":0.5,"pointY":0.5}},"objectID":"0","layers":[{"animations":[],"initialState":{"affineTransform":[1,0,0,1,0,0],"masksToBounds":false,"rotation":0,"scale":1,"position":{"pointX":480,"pointY":270},"width":960,"sublayerTransform":[1,0,0,0,0,1,0,0,0,0,1,-0.0007001582493355197,0,0,0,1],"contentsRect":{"y":0,"x":0,"width":1,"height":1},"opacity":1,"edgeAntialiasingMask":251658240,"height":540,"hidden":false,"anchorPoint":{"pointX":0.5,"pointY":0.5}},"layers":[{"animations":[],"layers":[],"initialState":{"affineTransform":[1,0,0,1,0,0],"masksToBounds":false,"rotation":0,"scale":1,"position":{"pointX":480,"pointY":270},"width":960,"sublayerTransform":[1,0,0,0,0,1,0,0,0,0,1,0,0,0,0,1],"contentsRect":{"y":0,"x":0,"width":1,"height":1},"opacity":1,"edgeAntialiasingMask":0,"height":540,"hidden":false,"anchorPoint":{"pointX":0.5,"pointY":0.5}},"texture":"BBA15322167ACD79808D709AFCA9C56D"},{"animations":[{"timeOffset":0,"from":{"scalar":false},"beginTime":0,"repeatCount":0,"fillMode":"both","property":"hidden","autoreverses":false,"duration":0.01,"to":{"scalar":true}}],"layers":[],"initialState":{"affineTransform":[1,0,0,1,0,0],"masksToBounds":false,"rotation":0,"scale":1,"position":{"pointX":480,"pointY":270},"width":960,"sublayerTransform":[1,0,0,0,0,1,0,0,0,0,1,0,0,0,0,1],"contentsRect":{"y":0,"x":0,"width":1,"height":1},"opacity":1,"edgeAntialiasingMask":0,"height":540,"hidden":false,"anchorPoint":{"pointX":0.5,"pointY":0.5}},"texture":"57C8FAFD3666B16C6522961F8C269020"}]}]},"effects":[],"duration":0.01,"type":"transition","name":"none","objectID":"0"}],"automaticPlay":false,"hyperlinks":[],"accessibility":[{"text":"优化的过程","targetRectangle":{"y":49.34999990463257,"x":69.59999990463257,"width":220,"height":62}},{"text":"1.监控GC状态","targetRectangle":{"y":147.3499999046326,"x":87.42000045333589,"width":170.17751953125,"height":38}},{"text":"2.在分析监控结果后，决定是否进行GC优化","targetRectangle":{"y":178.1299999952316,"x":87.42000045333589,"width":530.5375195312502,"height":47.90000009536743}},{"text":"3. 调整GC类型/内存空间","targetRectangle":{"y":218.8100001811981,"x":87.42000045333589,"width":295.6890234374999,"height":47.90000009536743}},{"text":"4.分析结果","targetRectangle":{"y":259.4900003671646,"x":87.42000045333589,"width":131.67,"height":47.90000009536743}},{"text":"5. 如果结果令人满意，你可以将该参数应用于所有的服务器，并停止GC优化\u2028","targetRectangle":{"y":300.1700005531311,"x":87.42000045333589,"width":776.1600000000001,"height":78.68000018596649}},{"text":"结合程序特性分析：流量波动  业务对象特性  算法特性  业务架构特点","targetRectangle":{"y":399.170000910759,"x":87.42000045333589,"width":790.02,"height":78.68000018596649}}],"baseLayer":{"animations":[],"initialState":{"affineTransform":[1,0,0,1,0,0],"masksToBounds":false,"rotation":0,"scale":1,"position":{"pointX":480,"pointY":270},"width":960,"sublayerTransform":[1,0,0,0,0,1,0,0,0,0,1,0,0,0,0,1],"contentsRect":{"y":0,"x":0,"width":1,"height":1},"opacity":1,"edgeAntialiasingMask":251658240,"height":540,"hidden":false,"anchorPoint":{"pointX":0.5,"pointY":0.5}},"objectID":"0","layers":[{"animations":[],"initialState":{"affineTransform":[1,0,0,1,0,0],"masksToBounds":false,"rotation":0,"scale":1,"position":{"pointX":480,"pointY":270},"width":960,"sublayerTransform":[1,0,0,0,0,1,0,0,0,0,1,-0.0007001582493355197,0,0,0,1],"contentsRect":{"y":0,"x":0,"width":1,"height":1},"opacity":1,"edgeAntialiasingMask":251658240,"height":540,"hidden":false,"anchorPoint":{"pointX":0.5,"pointY":0.5}},"layers":[{"animations":[],"layers":[],"initialState":{"affineTransform":[1,0,0,1,0,0],"masksToBounds":false,"rotation":0,"scale":1,"position":{"pointX":480,"pointY":270},"width":960,"sublayerTransform":[1,0,0,0,0,1,0,0,0,0,1,0,0,0,0,1],"contentsRect":{"y":0,"x":0,"width":1,"height":1},"opacity":1,"edgeAntialiasingMask":0,"height":540,"hidden":false,"anchorPoint":{"pointX":0.5,"pointY":0.5}},"texture":"57C8FAFD3666B16C6522961F8C269020"}]}]}}]}