{"assets":{"F05356596AD4F15AB7960BDC8DB9606D":{"type":"texture","index":30,"assetRequest":{"type":"slide","state":"incoming","slide":"2C1437B5-B643-499C-B753-FEAC902553FE"},"url":{"web":"assets/F05356596AD4F15AB7960BDC8DB9606D.png"},"width":960,"height":540},"2E7812E4B7DF323243CABD4AC26BF9A1":{"type":"texture","index":29,"assetRequest":{"type":"slide","state":"outgoing","slide":"9EAECF4B-1FA0-49CD-B5CD-AD0626D4282C"},"url":{"web":"assets/2E7812E4B7DF323243CABD4AC26BF9A1.png"},"width":960,"height":540}},"events":[{"effects":[{"beginTime":0,"baseLayer":{"animations":[],"initialState":{"affineTransform":[1,0,0,1,0,0],"masksToBounds":false,"rotation":0,"scale":1,"position":{"pointX":480,"pointY":270},"width":960,"sublayerTransform":[1,0,0,0,0,1,0,0,0,0,1,0,0,0,0,1],"contentsRect":{"y":0,"x":0,"width":1,"height":1},"opacity":1,"edgeAntialiasingMask":251658240,"height":540,"hidden":false,"anchorPoint":{"pointX":0.5,"pointY":0.5}},"objectID":"0","layers":[{"animations":[],"initialState":{"affineTransform":[1,0,0,1,0,0],"masksToBounds":false,"rotation":0,"scale":1,"position":{"pointX":480,"pointY":270},"width":960,"sublayerTransform":[1,0,0,0,0,1,0,0,0,0,1,-0.0007001582493355197,0,0,0,1],"contentsRect":{"y":0,"x":0,"width":1,"height":1},"opacity":1,"edgeAntialiasingMask":251658240,"height":540,"hidden":false,"anchorPoint":{"pointX":0.5,"pointY":0.5}},"layers":[{"animations":[],"layers":[],"initialState":{"affineTransform":[1,0,0,1,0,0],"masksToBounds":false,"rotation":0,"scale":1,"position":{"pointX":480,"pointY":270},"width":960,"sublayerTransform":[1,0,0,0,0,1,0,0,0,0,1,0,0,0,0,1],"contentsRect":{"y":0,"x":0,"width":1,"height":1},"opacity":1,"edgeAntialiasingMask":0,"height":540,"hidden":false,"anchorPoint":{"pointX":0.5,"pointY":0.5}},"texture":"F05356596AD4F15AB7960BDC8DB9606D"},{"animations":[{"timeOffset":0,"from":{"scalar":false},"beginTime":0,"repeatCount":0,"fillMode":"both","property":"hidden","autoreverses":false,"duration":0.01,"to":{"scalar":true}}],"layers":[],"initialState":{"affineTransform":[1,0,0,1,0,0],"masksToBounds":false,"rotation":0,"scale":1,"position":{"pointX":480,"pointY":270},"width":960,"sublayerTransform":[1,0,0,0,0,1,0,0,0,0,1,0,0,0,0,1],"contentsRect":{"y":0,"x":0,"width":1,"height":1},"opacity":1,"edgeAntialiasingMask":0,"height":540,"hidden":false,"anchorPoint":{"pointX":0.5,"pointY":0.5}},"texture":"2E7812E4B7DF323243CABD4AC26BF9A1"}]}]},"effects":[],"duration":0.01,"type":"transition","name":"none","objectID":"0"}],"automaticPlay":false,"hyperlinks":[],"accessibility":[{"text":"gc算法的一般选择步骤","targetRectangle":{"y":49.34999990463257,"x":36.79168081283569,"width":447.348,"height":62}},{"text":"Unless your application has rather strict pause time requirements, first run your application and allow the VM to select a collector. If necessary, adjust the heap size to improve performance. If the performance still does not meet your goals, then use the following guidelines as a starting point for selecting a collector.","targetRectangle":{"y":140.9309782981873,"x":33.62394857406616,"width":891.135498046875,"height":65.50000011920929}},{"text":"If the application has a small data set (up to approximately 100 MB), then select the serial collector with the option -XX:+UseSerialGC.","targetRectangle":{"y":201.6809784770012,"x":50.0055281072855,"width":871.236572265625,"height":53.54999989271164}},{"text":"If the application will be run on a single processor and there are no pause time requirements, then let the VM select the collector, or select the serial collector with the option -XX:+UseSerialGC.","targetRectangle":{"y":250.4809784293175,"x":50.0055281072855,"width":870.263916015625,"height":53.54999989271164}},{"text":"If (a) peak application performance is the first priority and (b) there are no pause time requirements or pauses of 1 second or longer are acceptable, then let the VM select the collector, or select the parallel collector with -XX:+UseParallelGC.","targetRectangle":{"y":299.2809783816338,"x":50.0055281072855,"width":852.7054443359375,"height":73.79999995231628}},{"text":"If response time is more important than overall throughput and garbage collection pauses must be kept shorter than approximately 1 second, then select the concurrent collector with -XX:+UseConcMarkSweepGC or -XX:+UseG1GC.","targetRectangle":{"y":368.3309783935547,"x":50.0055281072855,"width":856.281982421875,"height":74.84357905387878}}],"baseLayer":{"animations":[],"initialState":{"affineTransform":[1,0,0,1,0,0],"masksToBounds":false,"rotation":0,"scale":1,"position":{"pointX":480,"pointY":270},"width":960,"sublayerTransform":[1,0,0,0,0,1,0,0,0,0,1,0,0,0,0,1],"contentsRect":{"y":0,"x":0,"width":1,"height":1},"opacity":1,"edgeAntialiasingMask":251658240,"height":540,"hidden":false,"anchorPoint":{"pointX":0.5,"pointY":0.5}},"objectID":"0","layers":[{"animations":[],"initialState":{"affineTransform":[1,0,0,1,0,0],"masksToBounds":false,"rotation":0,"scale":1,"position":{"pointX":480,"pointY":270},"width":960,"sublayerTransform":[1,0,0,0,0,1,0,0,0,0,1,-0.0007001582493355197,0,0,0,1],"contentsRect":{"y":0,"x":0,"width":1,"height":1},"opacity":1,"edgeAntialiasingMask":251658240,"height":540,"hidden":false,"anchorPoint":{"pointX":0.5,"pointY":0.5}},"layers":[{"animations":[],"layers":[],"initialState":{"affineTransform":[1,0,0,1,0,0],"masksToBounds":false,"rotation":0,"scale":1,"position":{"pointX":480,"pointY":270},"width":960,"sublayerTransform":[1,0,0,0,0,1,0,0,0,0,1,0,0,0,0,1],"contentsRect":{"y":0,"x":0,"width":1,"height":1},"opacity":1,"edgeAntialiasingMask":0,"height":540,"hidden":false,"anchorPoint":{"pointX":0.5,"pointY":0.5}},"texture":"2E7812E4B7DF323243CABD4AC26BF9A1"}]}]}}]}