{"assets":{"934BFC21288E613414506EBF92F01182":{"type":"texture","index":5,"assetRequest":{"type":"slide","state":"incoming","slide":"F9E6BF73-F011-4EA8-93A3-D723824A362D"},"url":{"web":"assets/934BFC21288E613414506EBF92F01182.png"},"width":960,"height":540},"DBB6A90031E8CE38BA45F120EA8ED5AD":{"type":"texture","index":4,"assetRequest":{"type":"slide","state":"outgoing","slide":"EB276539-EA9E-4162-AF59-22AAE1F56F15"},"url":{"web":"assets/DBB6A90031E8CE38BA45F120EA8ED5AD.png"},"width":960,"height":540}},"events":[{"effects":[{"beginTime":0,"baseLayer":{"animations":[],"initialState":{"affineTransform":[1,0,0,1,0,0],"masksToBounds":false,"rotation":0,"scale":1,"position":{"pointX":480,"pointY":270},"width":960,"sublayerTransform":[1,0,0,0,0,1,0,0,0,0,1,0,0,0,0,1],"contentsRect":{"y":0,"x":0,"width":1,"height":1},"opacity":1,"edgeAntialiasingMask":251658240,"height":540,"hidden":false,"anchorPoint":{"pointX":0.5,"pointY":0.5}},"objectID":"0","layers":[{"animations":[],"initialState":{"affineTransform":[1,0,0,1,0,0],"masksToBounds":false,"rotation":0,"scale":1,"position":{"pointX":480,"pointY":270},"width":960,"sublayerTransform":[1,0,0,0,0,1,0,0,0,0,1,-0.0007001582493355197,0,0,0,1],"contentsRect":{"y":0,"x":0,"width":1,"height":1},"opacity":1,"edgeAntialiasingMask":251658240,"height":540,"hidden":false,"anchorPoint":{"pointX":0.5,"pointY":0.5}},"layers":[{"animations":[],"layers":[],"initialState":{"affineTransform":[1,0,0,1,0,0],"masksToBounds":false,"rotation":0,"scale":1,"position":{"pointX":480,"pointY":270},"width":960,"sublayerTransform":[1,0,0,0,0,1,0,0,0,0,1,0,0,0,0,1],"contentsRect":{"y":0,"x":0,"width":1,"height":1},"opacity":1,"edgeAntialiasingMask":0,"height":540,"hidden":false,"anchorPoint":{"pointX":0.5,"pointY":0.5}},"texture":"934BFC21288E613414506EBF92F01182"},{"animations":[{"timeOffset":0,"from":{"scalar":false},"beginTime":0,"repeatCount":0,"fillMode":"both","property":"hidden","autoreverses":false,"duration":0.01,"to":{"scalar":true}}],"layers":[],"initialState":{"affineTransform":[1,0,0,1,0,0],"masksToBounds":false,"rotation":0,"scale":1,"position":{"pointX":480,"pointY":270},"width":960,"sublayerTransform":[1,0,0,0,0,1,0,0,0,0,1,0,0,0,0,1],"contentsRect":{"y":0,"x":0,"width":1,"height":1},"opacity":1,"edgeAntialiasingMask":0,"height":540,"hidden":false,"anchorPoint":{"pointX":0.5,"pointY":0.5}},"texture":"DBB6A90031E8CE38BA45F120EA8ED5AD"}]}]},"effects":[],"duration":0.01,"type":"transition","name":"none","objectID":"0"}],"automaticPlay":false,"hyperlinks":[],"accessibility":[{"text":"大部分对象“死得早”","targetRectangle":{"y":146.5698485374451,"x":87.59999966621399,"width":280,"height":28}},{"text":"新生对象很少引用生存时间长的对象","targetRectangle":{"y":171.769847869873,"x":87.59999966621399,"width":448,"height":38}},{"text":"web应用中的典型的场景：","targetRectangle":{"y":206.969847202301,"x":87.59999966621399,"width":325.164,"height":38}},{"text":"请求处理过程中new 的大部分对象很快unreachable（占绝大部分","targetRectangle":{"y":242.169846534729,"x":123.5999999046326,"width":404.712,"height":50.59999942779541}},{"text":"处理时间较长的方法运行中创建的对象（可能活过几次minor gc","targetRectangle":{"y":290.3698453903198,"x":123.5999999046326,"width":433.6629152297974,"height":50.59999942779541}},{"text":"长时间对象（定时归纳评分举例,可能很长，但早晚还是会被销毁","targetRectangle":{"y":338.5698442459106,"x":123.5999999046326,"width":413.256,"height":50.59999942779541}},{"text":"长生命周期对象（常量、固定内存数据","targetRectangle":{"y":386.7698431015015,"x":123.5999999046326,"width":408,"height":29}},{"text":"对象的短生命周期","targetRectangle":{"y":49.34999990463257,"x":69.59999990463257,"width":352,"height":62}},{"text":"basic-object-lifetime-hypothesis.png","targetRectangle":{"y":186.7552032470703,"x":552.8939208984375,"width":398.9455871582031,"height":261.7592163085938}}],"baseLayer":{"animations":[],"initialState":{"affineTransform":[1,0,0,1,0,0],"masksToBounds":false,"rotation":0,"scale":1,"position":{"pointX":480,"pointY":270},"width":960,"sublayerTransform":[1,0,0,0,0,1,0,0,0,0,1,0,0,0,0,1],"contentsRect":{"y":0,"x":0,"width":1,"height":1},"opacity":1,"edgeAntialiasingMask":251658240,"height":540,"hidden":false,"anchorPoint":{"pointX":0.5,"pointY":0.5}},"objectID":"0","layers":[{"animations":[],"initialState":{"affineTransform":[1,0,0,1,0,0],"masksToBounds":false,"rotation":0,"scale":1,"position":{"pointX":480,"pointY":270},"width":960,"sublayerTransform":[1,0,0,0,0,1,0,0,0,0,1,-0.0007001582493355197,0,0,0,1],"contentsRect":{"y":0,"x":0,"width":1,"height":1},"opacity":1,"edgeAntialiasingMask":251658240,"height":540,"hidden":false,"anchorPoint":{"pointX":0.5,"pointY":0.5}},"layers":[{"animations":[],"layers":[],"initialState":{"affineTransform":[1,0,0,1,0,0],"masksToBounds":false,"rotation":0,"scale":1,"position":{"pointX":480,"pointY":270},"width":960,"sublayerTransform":[1,0,0,0,0,1,0,0,0,0,1,0,0,0,0,1],"contentsRect":{"y":0,"x":0,"width":1,"height":1},"opacity":1,"edgeAntialiasingMask":0,"height":540,"hidden":false,"anchorPoint":{"pointX":0.5,"pointY":0.5}},"texture":"DBB6A90031E8CE38BA45F120EA8ED5AD"}]}]}}]}