{"assets":{"B8CF2442D38DEA38E0E032B54F7F9B14":{"type":"texture","index":55,"assetRequest":{"type":"slide","state":"outgoing","slide":"24855F5E-AF9E-418B-B122-8B66EAB5E402"},"url":{"web":"assets/B8CF2442D38DEA38E0E032B54F7F9B14.png"},"width":960,"height":540},"D65E224BD031B84713FBC8D062F551FB":{"type":"texture","index":56,"assetRequest":{"type":"slide","state":"incoming","slide":"5941F965-107C-4E64-85F2-9A1F7C893D0E"},"url":{"web":"assets/D65E224BD031B84713FBC8D062F551FB.png"},"width":960,"height":540}},"events":[{"effects":[{"beginTime":0,"baseLayer":{"animations":[],"initialState":{"affineTransform":[1,0,0,1,0,0],"masksToBounds":false,"rotation":0,"scale":1,"position":{"pointX":480,"pointY":270},"width":960,"sublayerTransform":[1,0,0,0,0,1,0,0,0,0,1,0,0,0,0,1],"contentsRect":{"y":0,"x":0,"width":1,"height":1},"opacity":1,"edgeAntialiasingMask":251658240,"height":540,"hidden":false,"anchorPoint":{"pointX":0.5,"pointY":0.5}},"objectID":"0","layers":[{"animations":[],"initialState":{"affineTransform":[1,0,0,1,0,0],"masksToBounds":false,"rotation":0,"scale":1,"position":{"pointX":480,"pointY":270},"width":960,"sublayerTransform":[1,0,0,0,0,1,0,0,0,0,1,-0.0007001582493355197,0,0,0,1],"contentsRect":{"y":0,"x":0,"width":1,"height":1},"opacity":1,"edgeAntialiasingMask":251658240,"height":540,"hidden":false,"anchorPoint":{"pointX":0.5,"pointY":0.5}},"layers":[{"animations":[],"layers":[],"initialState":{"affineTransform":[1,0,0,1,0,0],"masksToBounds":false,"rotation":0,"scale":1,"position":{"pointX":480,"pointY":270},"width":960,"sublayerTransform":[1,0,0,0,0,1,0,0,0,0,1,0,0,0,0,1],"contentsRect":{"y":0,"x":0,"width":1,"height":1},"opacity":1,"edgeAntialiasingMask":0,"height":540,"hidden":false,"anchorPoint":{"pointX":0.5,"pointY":0.5}},"texture":"D65E224BD031B84713FBC8D062F551FB"},{"animations":[{"timeOffset":0,"from":{"scalar":false},"beginTime":0,"repeatCount":0,"fillMode":"both","property":"hidden","autoreverses":false,"duration":0.01,"to":{"scalar":true}}],"layers":[],"initialState":{"affineTransform":[1,0,0,1,0,0],"masksToBounds":false,"rotation":0,"scale":1,"position":{"pointX":480,"pointY":270},"width":960,"sublayerTransform":[1,0,0,0,0,1,0,0,0,0,1,0,0,0,0,1],"contentsRect":{"y":0,"x":0,"width":1,"height":1},"opacity":1,"edgeAntialiasingMask":0,"height":540,"hidden":false,"anchorPoint":{"pointX":0.5,"pointY":0.5}},"texture":"B8CF2442D38DEA38E0E032B54F7F9B14"}]}]},"effects":[],"duration":0.01,"type":"transition","name":"none","objectID":"0"}],"automaticPlay":false,"hyperlinks":[{"url":"http://docs.oracle.com/javase/8/docs/","targetRectangle":{"y":183.3499989509583,"x":87.59999966621399,"width":415.21484375,"height":44}},{"url":"http://docs.oracle.com/javase/8/docs/technotes/tools/windows/java.html","targetRectangle":{"y":223.9499981403351,"x":87.59999966621399,"width":699.86328125,"height":74.59999918937683}}],"accessibility":[{"text":"Jdk官方文档","targetRectangle":{"y":147.3499999046326,"x":87.59999966621399,"width":150.896484375,"height":40}},{"text":"http://docs.oracle.com/javase/8/docs/","targetRectangle":{"y":183.3499989509583,"x":87.59999966621399,"width":415.21484375,"height":44}},{"text":"http://docs.oracle.com/javase/8/docs/technotes/tools/windows/java.html","targetRectangle":{"y":223.9499981403351,"x":87.59999966621399,"width":699.86328125,"height":74.59999918937683}},{"text":"Java –help |  java-? | java -X","targetRectangle":{"y":295.1499965190887,"x":87.59999966621399,"width":316.736328125,"height":44}},{"text":"参考","targetRectangle":{"y":49.34999990463257,"x":69.59999990463257,"width":88,"height":62}}],"baseLayer":{"animations":[],"initialState":{"affineTransform":[1,0,0,1,0,0],"masksToBounds":false,"rotation":0,"scale":1,"position":{"pointX":480,"pointY":270},"width":960,"sublayerTransform":[1,0,0,0,0,1,0,0,0,0,1,0,0,0,0,1],"contentsRect":{"y":0,"x":0,"width":1,"height":1},"opacity":1,"edgeAntialiasingMask":251658240,"height":540,"hidden":false,"anchorPoint":{"pointX":0.5,"pointY":0.5}},"objectID":"0","layers":[{"animations":[],"initialState":{"affineTransform":[1,0,0,1,0,0],"masksToBounds":false,"rotation":0,"scale":1,"position":{"pointX":480,"pointY":270},"width":960,"sublayerTransform":[1,0,0,0,0,1,0,0,0,0,1,-0.0007001582493355197,0,0,0,1],"contentsRect":{"y":0,"x":0,"width":1,"height":1},"opacity":1,"edgeAntialiasingMask":251658240,"height":540,"hidden":false,"anchorPoint":{"pointX":0.5,"pointY":0.5}},"layers":[{"animations":[],"layers":[],"initialState":{"affineTransform":[1,0,0,1,0,0],"masksToBounds":false,"rotation":0,"scale":1,"position":{"pointX":480,"pointY":270},"width":960,"sublayerTransform":[1,0,0,0,0,1,0,0,0,0,1,0,0,0,0,1],"contentsRect":{"y":0,"x":0,"width":1,"height":1},"opacity":1,"edgeAntialiasingMask":0,"height":540,"hidden":false,"anchorPoint":{"pointX":0.5,"pointY":0.5}},"texture":"B8CF2442D38DEA38E0E032B54F7F9B14"}]}]}}]}