{"assets":{"9B3D4CC042B2021462DAFD3992CEB58C":{"type":"texture","index":60,"assetRequest":{"type":"slide","state":"incoming","slide":"none"},"url":{"web":"assets/9B3D4CC042B2021462DAFD3992CEB58C.svg"},"width":960,"height":540},"6FFB9660A8C1F5D20B1B1127647E63B0":{"type":"texture","index":59,"assetRequest":{"type":"slide","state":"outgoing","slide":"02F55E95-BDB5-4EA7-BF90-375A56E04AC2"},"url":{"web":"assets/6FFB9660A8C1F5D20B1B1127647E63B0.svg"},"width":960,"height":540}},"events":[{"effects":[{"beginTime":0,"baseLayer":{"animations":[],"initialState":{"affineTransform":[1,0,0,1,0,0],"masksToBounds":false,"rotation":0,"scale":1,"position":{"pointX":480,"pointY":270},"width":960,"sublayerTransform":[1,0,0,0,0,1,0,0,0,0,1,0,0,0,0,1],"contentsRect":{"y":0,"x":0,"width":1,"height":1},"opacity":1,"edgeAntialiasingMask":251658240,"height":540,"hidden":false,"anchorPoint":{"pointX":0.5,"pointY":0.5}},"objectID":"0","layers":[{"animations":[],"initialState":{"affineTransform":[1,0,0,1,0,0],"masksToBounds":false,"rotation":0,"scale":1,"position":{"pointX":480,"pointY":270},"width":960,"sublayerTransform":[1,0,0,0,0,1,0,0,0,0,1,-0.0007001582493355197,0,0,0,1],"contentsRect":{"y":0,"x":0,"width":1,"height":1},"opacity":1,"edgeAntialiasingMask":251658240,"height":540,"hidden":false,"anchorPoint":{"pointX":0.5,"pointY":0.5}},"layers":[{"animations":[],"layers":[],"initialState":{"affineTransform":[1,0,0,1,0,0],"masksToBounds":false,"rotation":0,"scale":1,"position":{"pointX":480,"pointY":270},"width":960,"sublayerTransform":[1,0,0,0,0,1,0,0,0,0,1,0,0,0,0,1],"contentsRect":{"y":0,"x":0,"width":1,"height":1},"opacity":1,"edgeAntialiasingMask":0,"height":540,"hidden":false,"anchorPoint":{"pointX":0.5,"pointY":0.5}},"texture":"9B3D4CC042B2021462DAFD3992CEB58C"},{"animations":[{"timeOffset":0,"from":{"scalar":false},"beginTime":0,"repeatCount":0,"fillMode":"both","property":"hidden","autoreverses":false,"duration":0.01,"to":{"scalar":true}}],"layers":[],"initialState":{"affineTransform":[1,0,0,1,0,0],"masksToBounds":false,"rotation":0,"scale":1,"position":{"pointX":480,"pointY":270},"width":960,"sublayerTransform":[1,0,0,0,0,1,0,0,0,0,1,0,0,0,0,1],"contentsRect":{"y":0,"x":0,"width":1,"height":1},"opacity":1,"edgeAntialiasingMask":0,"height":540,"hidden":false,"anchorPoint":{"pointX":0.5,"pointY":0.5}},"texture":"6FFB9660A8C1F5D20B1B1127647E63B0"}]}]},"effects":[],"duration":0.01,"type":"transition","name":"none","objectID":"0"}],"automaticPlay":false,"hyperlinks":[{"url":"https://blog.codecentric.de/en/2012/08/useful-jvm-flags-part-5-young-generation-garbage-collection/","targetRectangle":{"y":218.0268142223358,"x":69.59999990463257,"width":749.234375,"height":19.49609375}}],"accessibility":[{"text":"http://www.importnew.com/1993.html\u2028http://www.importnew.com/2057.html\u2028http://www.importnew.com/3146.html\u2028http://www.importnew.com/3151.html\u2028http://www.importnew.com/13954.html","targetRectangle":{"y":27.02681875228882,"x":69.59999990463257,"width":293.453125,"height":87.3999981880188}},{"text":"https://blog.codecentric.de/en/2012/07/useful-jvm-flags-part-1-jvm-types-and-compiler-modes/\u2028https://blog.codecentric.de/en/2012/07/useful-jvm-flags-part-2-flag-categories-and-jit-compiler-diagnostics\u2028https://blog.codecentric.de/en/2012/07/useful-jvm-flags-part-3-printing-all-xx-flags-and-their-values/\u2028https://blog.codecentric.de/en/2012/07/useful-jvm-flags-part-4-heap-tuning/\u2028https://blog.codecentric.de/en/2012/08/useful-jvm-flags-part-5-young-generation-garbage-collection/","targetRectangle":{"y":139.626816034317,"x":69.59999990463257,"width":798.8125,"height":97.8960919380188}}],"baseLayer":{"animations":[],"initialState":{"affineTransform":[1,0,0,1,0,0],"masksToBounds":false,"rotation":0,"scale":1,"position":{"pointX":480,"pointY":270},"width":960,"sublayerTransform":[1,0,0,0,0,1,0,0,0,0,1,0,0,0,0,1],"contentsRect":{"y":0,"x":0,"width":1,"height":1},"opacity":1,"edgeAntialiasingMask":251658240,"height":540,"hidden":false,"anchorPoint":{"pointX":0.5,"pointY":0.5}},"objectID":"0","layers":[{"animations":[],"initialState":{"affineTransform":[1,0,0,1,0,0],"masksToBounds":false,"rotation":0,"scale":1,"position":{"pointX":480,"pointY":270},"width":960,"sublayerTransform":[1,0,0,0,0,1,0,0,0,0,1,-0.0007001582493355197,0,0,0,1],"contentsRect":{"y":0,"x":0,"width":1,"height":1},"opacity":1,"edgeAntialiasingMask":251658240,"height":540,"hidden":false,"anchorPoint":{"pointX":0.5,"pointY":0.5}},"layers":[{"animations":[],"layers":[],"initialState":{"affineTransform":[1,0,0,1,0,0],"masksToBounds":false,"rotation":0,"scale":1,"position":{"pointX":480,"pointY":270},"width":960,"sublayerTransform":[1,0,0,0,0,1,0,0,0,0,1,0,0,0,0,1],"contentsRect":{"y":0,"x":0,"width":1,"height":1},"opacity":1,"edgeAntialiasingMask":0,"height":540,"hidden":false,"anchorPoint":{"pointX":0.5,"pointY":0.5}},"texture":"6FFB9660A8C1F5D20B1B1127647E63B0"}]}]}}]}