{"assets":{"6FFB9660A8C1F5D20B1B1127647E63B0":{"type":"texture","index":58,"assetRequest":{"type":"slide","state":"incoming","slide":"02F55E95-BDB5-4EA7-BF90-375A56E04AC2"},"url":{"web":"assets/6FFB9660A8C1F5D20B1B1127647E63B0.svg"},"width":960,"height":540},"D65E224BD031B84713FBC8D062F551FB":{"type":"texture","index":57,"assetRequest":{"type":"slide","state":"outgoing","slide":"5941F965-107C-4E64-85F2-9A1F7C893D0E"},"url":{"web":"assets/D65E224BD031B84713FBC8D062F551FB.png"},"width":960,"height":540}},"events":[{"effects":[{"beginTime":0,"baseLayer":{"animations":[],"initialState":{"affineTransform":[1,0,0,1,0,0],"masksToBounds":false,"rotation":0,"scale":1,"position":{"pointX":480,"pointY":270},"width":960,"sublayerTransform":[1,0,0,0,0,1,0,0,0,0,1,0,0,0,0,1],"contentsRect":{"y":0,"x":0,"width":1,"height":1},"opacity":1,"edgeAntialiasingMask":251658240,"height":540,"hidden":false,"anchorPoint":{"pointX":0.5,"pointY":0.5}},"objectID":"0","layers":[{"animations":[],"initialState":{"affineTransform":[1,0,0,1,0,0],"masksToBounds":false,"rotation":0,"scale":1,"position":{"pointX":480,"pointY":270},"width":960,"sublayerTransform":[1,0,0,0,0,1,0,0,0,0,1,-0.0007001582493355197,0,0,0,1],"contentsRect":{"y":0,"x":0,"width":1,"height":1},"opacity":1,"edgeAntialiasingMask":251658240,"height":540,"hidden":false,"anchorPoint":{"pointX":0.5,"pointY":0.5}},"layers":[{"animations":[],"layers":[],"initialState":{"affineTransform":[1,0,0,1,0,0],"masksToBounds":false,"rotation":0,"scale":1,"position":{"pointX":480,"pointY":270},"width":960,"sublayerTransform":[1,0,0,0,0,1,0,0,0,0,1,0,0,0,0,1],"contentsRect":{"y":0,"x":0,"width":1,"height":1},"opacity":1,"edgeAntialiasingMask":0,"height":540,"hidden":false,"anchorPoint":{"pointX":0.5,"pointY":0.5}},"texture":"6FFB9660A8C1F5D20B1B1127647E63B0"},{"animations":[{"timeOffset":0,"from":{"scalar":false},"beginTime":0,"repeatCount":0,"fillMode":"both","property":"hidden","autoreverses":false,"duration":0.01,"to":{"scalar":true}}],"layers":[],"initialState":{"affineTransform":[1,0,0,1,0,0],"masksToBounds":false,"rotation":0,"scale":1,"position":{"pointX":480,"pointY":270},"width":960,"sublayerTransform":[1,0,0,0,0,1,0,0,0,0,1,0,0,0,0,1],"contentsRect":{"y":0,"x":0,"width":1,"height":1},"opacity":1,"edgeAntialiasingMask":0,"height":540,"hidden":false,"anchorPoint":{"pointX":0.5,"pointY":0.5}},"texture":"D65E224BD031B84713FBC8D062F551FB"}]}]},"effects":[],"duration":0.01,"type":"transition","name":"none","objectID":"0"}],"automaticPlay":false,"hyperlinks":[{"url":"http://www.oracle.com/technetwork/java/javase/tech/vmoptions-jsp-140102.html","targetRectangle":{"y":29.66797971725464,"x":57.64457440376282,"width":787.28125,"height":68.86816310882568}},{"url":"http://www.oracle.com/technetwork/java/javase/gc-tuning-6-140523.html","targetRectangle":{"y":95.24932563619222,"x":57.64457440376282,"width":756,"height":78.86816310882568}},{"url":"http://docs.oracle.com/javase/8/docs/technotes/guides/vm/gctuning/toc.html","targetRectangle":{"y":170.8306715551298,"x":57.64457440376282,"width":691.318359375,"height":78.86816310882568}},{"url":"http://www.oracle.com/technetwork/java/example-141412.html","targetRectangle":{"y":246.4120174740674,"x":57.64457440376282,"width":800.1328125,"height":78.86816310882568}},{"url":"http://www.oracle.com/technetwork/java/faq-140837.html","targetRectangle":{"y":321.993363393005,"x":57.64457440376282,"width":785.88671875,"height":78.86816310882568}},{"url":"http://www.oracle.com/technetwork/java/hotspotfaq-138619.html","targetRectangle":{"y":397.5747093119426,"x":57.64457440376282,"width":799.859375,"height":78.86816310882568}}],"accessibility":[{"text":"jdk7 HotSportOptions：http://www.oracle.com/technetwork/java/javase/tech/vmoptions-jsp-140102.html","targetRectangle":{"y":29.66797971725464,"x":57.64457440376282,"width":787.28125,"height":68.86816310882568}},{"text":"jdk67 GC调优：http://www.oracle.com/technetwork/java/javase/gc-tuning-6-140523.html","targetRectangle":{"y":95.24932563619222,"x":57.64457440376282,"width":756,"height":78.86816310882568}},{"text":"jdk8 GC调优：http://docs.oracle.com/javase/8/docs/technotes/guides/vm/gctuning/toc.html","targetRectangle":{"y":170.8306715551298,"x":57.64457440376282,"width":691.318359375,"height":78.86816310882568}},{"text":"gc诊断（gc log）：http://www.oracle.com/technetwork/java/example-141412.html","targetRectangle":{"y":246.4120174740674,"x":57.64457440376282,"width":800.1328125,"height":78.86816310882568}},{"text":"HotSpot GC FAQ：http://www.oracle.com/technetwork/java/faq-140837.html","targetRectangle":{"y":321.993363393005,"x":57.64457440376282,"width":785.88671875,"height":78.86816310882568}},{"text":"HotSpot JVM FAQ：http://www.oracle.com/technetwork/java/hotspotfaq-138619.html","targetRectangle":{"y":397.5747093119426,"x":57.64457440376282,"width":799.859375,"height":78.86816310882568}}],"baseLayer":{"animations":[],"initialState":{"affineTransform":[1,0,0,1,0,0],"masksToBounds":false,"rotation":0,"scale":1,"position":{"pointX":480,"pointY":270},"width":960,"sublayerTransform":[1,0,0,0,0,1,0,0,0,0,1,0,0,0,0,1],"contentsRect":{"y":0,"x":0,"width":1,"height":1},"opacity":1,"edgeAntialiasingMask":251658240,"height":540,"hidden":false,"anchorPoint":{"pointX":0.5,"pointY":0.5}},"objectID":"0","layers":[{"animations":[],"initialState":{"affineTransform":[1,0,0,1,0,0],"masksToBounds":false,"rotation":0,"scale":1,"position":{"pointX":480,"pointY":270},"width":960,"sublayerTransform":[1,0,0,0,0,1,0,0,0,0,1,-0.0007001582493355197,0,0,0,1],"contentsRect":{"y":0,"x":0,"width":1,"height":1},"opacity":1,"edgeAntialiasingMask":251658240,"height":540,"hidden":false,"anchorPoint":{"pointX":0.5,"pointY":0.5}},"layers":[{"animations":[],"layers":[],"initialState":{"affineTransform":[1,0,0,1,0,0],"masksToBounds":false,"rotation":0,"scale":1,"position":{"pointX":480,"pointY":270},"width":960,"sublayerTransform":[1,0,0,0,0,1,0,0,0,0,1,0,0,0,0,1],"contentsRect":{"y":0,"x":0,"width":1,"height":1},"opacity":1,"edgeAntialiasingMask":0,"height":540,"hidden":false,"anchorPoint":{"pointX":0.5,"pointY":0.5}},"texture":"D65E224BD031B84713FBC8D062F551FB"}]}]}}]}