{"assets":{"A4A3B8E2CE3CE8417437FD65F7D8B438":{"type":"texture","index":32,"assetRequest":{"type":"slide","state":"incoming","slide":"B5368D7E-997C-4F2D-90DB-6328F15CB881"},"url":{"web":"assets/A4A3B8E2CE3CE8417437FD65F7D8B438.png"},"width":960,"height":540},"F05356596AD4F15AB7960BDC8DB9606D":{"type":"texture","index":31,"assetRequest":{"type":"slide","state":"outgoing","slide":"2C1437B5-B643-499C-B753-FEAC902553FE"},"url":{"web":"assets/F05356596AD4F15AB7960BDC8DB9606D.png"},"width":960,"height":540}},"events":[{"effects":[{"beginTime":0,"baseLayer":{"animations":[],"initialState":{"affineTransform":[1,0,0,1,0,0],"masksToBounds":false,"rotation":0,"scale":1,"position":{"pointX":480,"pointY":270},"width":960,"sublayerTransform":[1,0,0,0,0,1,0,0,0,0,1,0,0,0,0,1],"contentsRect":{"y":0,"x":0,"width":1,"height":1},"opacity":1,"edgeAntialiasingMask":251658240,"height":540,"hidden":false,"anchorPoint":{"pointX":0.5,"pointY":0.5}},"objectID":"0","layers":[{"animations":[],"initialState":{"affineTransform":[1,0,0,1,0,0],"masksToBounds":false,"rotation":0,"scale":1,"position":{"pointX":480,"pointY":270},"width":960,"sublayerTransform":[1,0,0,0,0,1,0,0,0,0,1,-0.0007001582493355197,0,0,0,1],"contentsRect":{"y":0,"x":0,"width":1,"height":1},"opacity":1,"edgeAntialiasingMask":251658240,"height":540,"hidden":false,"anchorPoint":{"pointX":0.5,"pointY":0.5}},"layers":[{"animations":[],"layers":[],"initialState":{"affineTransform":[1,0,0,1,0,0],"masksToBounds":false,"rotation":0,"scale":1,"position":{"pointX":480,"pointY":270},"width":960,"sublayerTransform":[1,0,0,0,0,1,0,0,0,0,1,0,0,0,0,1],"contentsRect":{"y":0,"x":0,"width":1,"height":1},"opacity":1,"edgeAntialiasingMask":0,"height":540,"hidden":false,"anchorPoint":{"pointX":0.5,"pointY":0.5}},"texture":"A4A3B8E2CE3CE8417437FD65F7D8B438"},{"animations":[{"timeOffset":0,"from":{"scalar":false},"beginTime":0,"repeatCount":0,"fillMode":"both","property":"hidden","autoreverses":false,"duration":0.01,"to":{"scalar":true}}],"layers":[],"initialState":{"affineTransform":[1,0,0,1,0,0],"masksToBounds":false,"rotation":0,"scale":1,"position":{"pointX":480,"pointY":270},"width":960,"sublayerTransform":[1,0,0,0,0,1,0,0,0,0,1,0,0,0,0,1],"contentsRect":{"y":0,"x":0,"width":1,"height":1},"opacity":1,"edgeAntialiasingMask":0,"height":540,"hidden":false,"anchorPoint":{"pointX":0.5,"pointY":0.5}},"texture":"F05356596AD4F15AB7960BDC8DB9606D"}]}]},"effects":[],"duration":0.01,"type":"transition","name":"none","objectID":"0"}],"automaticPlay":false,"hyperlinks":[],"accessibility":[{"text":"基于人体工程学的jvm自动调优","targetRectangle":{"y":49.34999990463257,"x":69.59999990463257,"width":596.44921875,"height":62.00019145011902}},{"text":"一、最短暂停时间","targetRectangle":{"y":146.6367735862732,"x":87.59999966621399,"width":224,"height":40}},{"text":"-XX:MaxGCPauseMillis=<nnn>","targetRectangle":{"y":182.6367726325989,"x":123.5999999046326,"width":312.2640000000001,"height":29}},{"text":"二、吞吐量优先","targetRectangle":{"y":209.2367720603943,"x":87.59999966621399,"width":196,"height":50}},{"text":"-XX:GCTimeRatio=<nnn>，The ratio of garbage collection time to application time is 1 / (1 + <nnn>)","targetRectangle":{"y":255.23677110672,"x":123.5999999046326,"width":765.6480000000001,"height":50.59999942779541}},{"text":"footprint：－Xmx  ／＋maximum heap size","targetRectangle":{"y":333.7152849384584,"x":87.59999990463257,"width":427.2787499999999,"height":38}},{"text":"》》底层参数","targetRectangle":{"y":422.4004392572679,"x":87.59999990463257,"width":144,"height":38}}],"baseLayer":{"animations":[],"initialState":{"affineTransform":[1,0,0,1,0,0],"masksToBounds":false,"rotation":0,"scale":1,"position":{"pointX":480,"pointY":270},"width":960,"sublayerTransform":[1,0,0,0,0,1,0,0,0,0,1,0,0,0,0,1],"contentsRect":{"y":0,"x":0,"width":1,"height":1},"opacity":1,"edgeAntialiasingMask":251658240,"height":540,"hidden":false,"anchorPoint":{"pointX":0.5,"pointY":0.5}},"objectID":"0","layers":[{"animations":[],"initialState":{"affineTransform":[1,0,0,1,0,0],"masksToBounds":false,"rotation":0,"scale":1,"position":{"pointX":480,"pointY":270},"width":960,"sublayerTransform":[1,0,0,0,0,1,0,0,0,0,1,-0.0007001582493355197,0,0,0,1],"contentsRect":{"y":0,"x":0,"width":1,"height":1},"opacity":1,"edgeAntialiasingMask":251658240,"height":540,"hidden":false,"anchorPoint":{"pointX":0.5,"pointY":0.5}},"layers":[{"animations":[],"layers":[],"initialState":{"affineTransform":[1,0,0,1,0,0],"masksToBounds":false,"rotation":0,"scale":1,"position":{"pointX":480,"pointY":270},"width":960,"sublayerTransform":[1,0,0,0,0,1,0,0,0,0,1,0,0,0,0,1],"contentsRect":{"y":0,"x":0,"width":1,"height":1},"opacity":1,"edgeAntialiasingMask":0,"height":540,"hidden":false,"anchorPoint":{"pointX":0.5,"pointY":0.5}},"texture":"F05356596AD4F15AB7960BDC8DB9606D"}]}]}}]}