{"assets":{"42058888573B6E134EE33F7976F05235":{"type":"texture","index":23,"assetRequest":{"type":"slide","state":"outgoing","slide":"7DBC3949-9D0B-41B2-BC41-14EB39778A4E"},"url":{"web":"assets/42058888573B6E134EE33F7976F05235.png"},"width":960,"height":540},"3B6C3CC3227770F27FBFDB8FFB38F3CF":{"type":"texture","index":24,"assetRequest":{"type":"slide","state":"incoming","slide":"644F2E79-A4C9-41F0-97AF-59404D82F112"},"url":{"web":"assets/3B6C3CC3227770F27FBFDB8FFB38F3CF.png"},"width":960,"height":540}},"events":[{"effects":[{"beginTime":0,"baseLayer":{"animations":[],"initialState":{"affineTransform":[1,0,0,1,0,0],"masksToBounds":false,"rotation":0,"scale":1,"position":{"pointX":480,"pointY":270},"width":960,"sublayerTransform":[1,0,0,0,0,1,0,0,0,0,1,0,0,0,0,1],"contentsRect":{"y":0,"x":0,"width":1,"height":1},"opacity":1,"edgeAntialiasingMask":251658240,"height":540,"hidden":false,"anchorPoint":{"pointX":0.5,"pointY":0.5}},"objectID":"0","layers":[{"animations":[],"initialState":{"affineTransform":[1,0,0,1,0,0],"masksToBounds":false,"rotation":0,"scale":1,"position":{"pointX":480,"pointY":270},"width":960,"sublayerTransform":[1,0,0,0,0,1,0,0,0,0,1,-0.0007001582493355197,0,0,0,1],"contentsRect":{"y":0,"x":0,"width":1,"height":1},"opacity":1,"edgeAntialiasingMask":251658240,"height":540,"hidden":false,"anchorPoint":{"pointX":0.5,"pointY":0.5}},"layers":[{"animations":[],"layers":[],"initialState":{"affineTransform":[1,0,0,1,0,0],"masksToBounds":false,"rotation":0,"scale":1,"position":{"pointX":480,"pointY":270},"width":960,"sublayerTransform":[1,0,0,0,0,1,0,0,0,0,1,0,0,0,0,1],"contentsRect":{"y":0,"x":0,"width":1,"height":1},"opacity":1,"edgeAntialiasingMask":0,"height":540,"hidden":false,"anchorPoint":{"pointX":0.5,"pointY":0.5}},"texture":"3B6C3CC3227770F27FBFDB8FFB38F3CF"},{"animations":[{"timeOffset":0,"from":{"scalar":false},"beginTime":0,"repeatCount":0,"fillMode":"both","property":"hidden","autoreverses":false,"duration":0.01,"to":{"scalar":true}}],"layers":[],"initialState":{"affineTransform":[1,0,0,1,0,0],"masksToBounds":false,"rotation":0,"scale":1,"position":{"pointX":480,"pointY":270},"width":960,"sublayerTransform":[1,0,0,0,0,1,0,0,0,0,1,0,0,0,0,1],"contentsRect":{"y":0,"x":0,"width":1,"height":1},"opacity":1,"edgeAntialiasingMask":0,"height":540,"hidden":false,"anchorPoint":{"pointX":0.5,"pointY":0.5}},"texture":"42058888573B6E134EE33F7976F05235"}]}]},"effects":[],"duration":0.01,"type":"transition","name":"none","objectID":"0"}],"automaticPlay":false,"hyperlinks":[],"accessibility":[{"text":"1.Serial GC：单线程，高效，适合小内存程序或者单核服务器","targetRectangle":{"y":147.3499999046326,"x":87.59999966621399,"width":748.20703125,"height":40}},{"text":"-XX:UseSerialGC","targetRectangle":{"y":183.3499989509583,"x":123.5999999046326,"width":167.328,"height":29}},{"text":"Parallel/ Throughput collector","targetRectangle":{"y":209.9499983787537,"x":123.5999999046326,"width":287.0880000000001,"height":29}},{"text":"2.Parallel GC(Throughput collector)： 多线程，适合多核服务器，内存占用中－大 （老年代使用单线程","targetRectangle":{"y":236.5499978065491,"x":96.12631630897522,"width":764.83203125,"height":73.99999904632568}},{"text":"3.Parallel Old GC (Parallel Compacting GC)：区别于老年代也执行并行gc","targetRectangle":{"y":307.7499961853027,"x":96.12631630897522,"width":790.7265625,"height":73.99999904632568}},{"text":"》》Throughput collector,thread count","targetRectangle":{"y":414.1499938964844,"x":96.12631630897522,"width":488.27734375,"height":42}},{"text":"五种gc算法","targetRectangle":{"y":49.34999990463257,"x":69.59999990463257,"width":217.529296875,"height":62.00019145011902}}],"baseLayer":{"animations":[],"initialState":{"affineTransform":[1,0,0,1,0,0],"masksToBounds":false,"rotation":0,"scale":1,"position":{"pointX":480,"pointY":270},"width":960,"sublayerTransform":[1,0,0,0,0,1,0,0,0,0,1,0,0,0,0,1],"contentsRect":{"y":0,"x":0,"width":1,"height":1},"opacity":1,"edgeAntialiasingMask":251658240,"height":540,"hidden":false,"anchorPoint":{"pointX":0.5,"pointY":0.5}},"objectID":"0","layers":[{"animations":[],"initialState":{"affineTransform":[1,0,0,1,0,0],"masksToBounds":false,"rotation":0,"scale":1,"position":{"pointX":480,"pointY":270},"width":960,"sublayerTransform":[1,0,0,0,0,1,0,0,0,0,1,-0.0007001582493355197,0,0,0,1],"contentsRect":{"y":0,"x":0,"width":1,"height":1},"opacity":1,"edgeAntialiasingMask":251658240,"height":540,"hidden":false,"anchorPoint":{"pointX":0.5,"pointY":0.5}},"layers":[{"animations":[],"layers":[],"initialState":{"affineTransform":[1,0,0,1,0,0],"masksToBounds":false,"rotation":0,"scale":1,"position":{"pointX":480,"pointY":270},"width":960,"sublayerTransform":[1,0,0,0,0,1,0,0,0,0,1,0,0,0,0,1],"contentsRect":{"y":0,"x":0,"width":1,"height":1},"opacity":1,"edgeAntialiasingMask":0,"height":540,"hidden":false,"anchorPoint":{"pointX":0.5,"pointY":0.5}},"texture":"42058888573B6E134EE33F7976F05235"}]}]}}]}