{"assets":{"C6A50355B68C7F2F1D0FE1440FA770C6":{"type":"texture","index":38,"assetRequest":{"type":"slide","state":"incoming","slide":"7E20E6C9-74E4-46F0-A933-BF5888E6706D"},"url":{"web":"assets/C6A50355B68C7F2F1D0FE1440FA770C6.png"},"width":960,"height":540},"945432F02ED05142E078D6C9D68410CA":{"type":"texture","index":37,"assetRequest":{"type":"slide","state":"outgoing","slide":"9D79EEC1-34B1-4F74-8B4D-7EDDA178DF63"},"url":{"web":"assets/945432F02ED05142E078D6C9D68410CA.png"},"width":960,"height":540}},"events":[{"effects":[{"beginTime":0,"baseLayer":{"animations":[],"initialState":{"affineTransform":[1,0,0,1,0,0],"masksToBounds":false,"rotation":0,"scale":1,"position":{"pointX":480,"pointY":270},"width":960,"sublayerTransform":[1,0,0,0,0,1,0,0,0,0,1,0,0,0,0,1],"contentsRect":{"y":0,"x":0,"width":1,"height":1},"opacity":1,"edgeAntialiasingMask":251658240,"height":540,"hidden":false,"anchorPoint":{"pointX":0.5,"pointY":0.5}},"objectID":"0","layers":[{"animations":[],"initialState":{"affineTransform":[1,0,0,1,0,0],"masksToBounds":false,"rotation":0,"scale":1,"position":{"pointX":480,"pointY":270},"width":960,"sublayerTransform":[1,0,0,0,0,1,0,0,0,0,1,-0.0007001582493355197,0,0,0,1],"contentsRect":{"y":0,"x":0,"width":1,"height":1},"opacity":1,"edgeAntialiasingMask":251658240,"height":540,"hidden":false,"anchorPoint":{"pointX":0.5,"pointY":0.5}},"layers":[{"animations":[],"layers":[],"initialState":{"affineTransform":[1,0,0,1,0,0],"masksToBounds":false,"rotation":0,"scale":1,"position":{"pointX":480,"pointY":270},"width":960,"sublayerTransform":[1,0,0,0,0,1,0,0,0,0,1,0,0,0,0,1],"contentsRect":{"y":0,"x":0,"width":1,"height":1},"opacity":1,"edgeAntialiasingMask":0,"height":540,"hidden":false,"anchorPoint":{"pointX":0.5,"pointY":0.5}},"texture":"C6A50355B68C7F2F1D0FE1440FA770C6"},{"animations":[{"timeOffset":0,"from":{"scalar":false},"beginTime":0,"repeatCount":0,"fillMode":"both","property":"hidden","autoreverses":false,"duration":0.01,"to":{"scalar":true}}],"layers":[],"initialState":{"affineTransform":[1,0,0,1,0,0],"masksToBounds":false,"rotation":0,"scale":1,"position":{"pointX":480,"pointY":270},"width":960,"sublayerTransform":[1,0,0,0,0,1,0,0,0,0,1,0,0,0,0,1],"contentsRect":{"y":0,"x":0,"width":1,"height":1},"opacity":1,"edgeAntialiasingMask":0,"height":540,"hidden":false,"anchorPoint":{"pointX":0.5,"pointY":0.5}},"texture":"945432F02ED05142E078D6C9D68410CA"}]}]},"effects":[],"duration":0.01,"type":"transition","name":"none","objectID":"0"}],"automaticPlay":false,"hyperlinks":[],"accessibility":[{"text":"参数","targetRectangle":{"y":49.34999990463257,"x":69.59999990463257,"width":88,"height":62}},{"text":"堆内存空间 -Xms4G–XX:MaxHeapSize -XX:InitialHeapSize=6m  -XX:InitialSurvivorRatio=ratio","targetRectangle":{"y":147.3499999046326,"x":79.88571405410767,"width":650.359375,"height":22}},{"text":"新生代空间 -Xmn512m–XX:NewSize–XX:MaxNewSize –XX:NewRatio=2 –XX:NewSize ","targetRectangle":{"y":167.1499993801117,"x":79.88571405410767,"width":583.2890625,"height":32}},{"text":"Perm","targetRectangle":{"y":196.9499988555908,"x":79.88571405410767,"width":36.3984375,"height":29}},{"text":"Gc算法","targetRectangle":{"y":224.0499984025955,"x":79.88571405410767,"width":50.7421875,"height":32}},{"text":"Advanced Garbage Collection Options","targetRectangle":{"y":253.8499978780746,"x":79.88571405410767,"width":269.765625,"height":29}},{"text":"Tomcat配置","targetRectangle":{"y":308.049996972084,"x":79.88571405410767,"width":83.8359375,"height":32}}],"baseLayer":{"animations":[],"initialState":{"affineTransform":[1,0,0,1,0,0],"masksToBounds":false,"rotation":0,"scale":1,"position":{"pointX":480,"pointY":270},"width":960,"sublayerTransform":[1,0,0,0,0,1,0,0,0,0,1,0,0,0,0,1],"contentsRect":{"y":0,"x":0,"width":1,"height":1},"opacity":1,"edgeAntialiasingMask":251658240,"height":540,"hidden":false,"anchorPoint":{"pointX":0.5,"pointY":0.5}},"objectID":"0","layers":[{"animations":[],"initialState":{"affineTransform":[1,0,0,1,0,0],"masksToBounds":false,"rotation":0,"scale":1,"position":{"pointX":480,"pointY":270},"width":960,"sublayerTransform":[1,0,0,0,0,1,0,0,0,0,1,-0.0007001582493355197,0,0,0,1],"contentsRect":{"y":0,"x":0,"width":1,"height":1},"opacity":1,"edgeAntialiasingMask":251658240,"height":540,"hidden":false,"anchorPoint":{"pointX":0.5,"pointY":0.5}},"layers":[{"animations":[],"layers":[],"initialState":{"affineTransform":[1,0,0,1,0,0],"masksToBounds":false,"rotation":0,"scale":1,"position":{"pointX":480,"pointY":270},"width":960,"sublayerTransform":[1,0,0,0,0,1,0,0,0,0,1,0,0,0,0,1],"contentsRect":{"y":0,"x":0,"width":1,"height":1},"opacity":1,"edgeAntialiasingMask":0,"height":540,"hidden":false,"anchorPoint":{"pointX":0.5,"pointY":0.5}},"texture":"945432F02ED05142E078D6C9D68410CA"}]}]}}]}