{"assets":{"2E7812E4B7DF323243CABD4AC26BF9A1":{"type":"texture","index":28,"assetRequest":{"type":"slide","state":"incoming","slide":"9EAECF4B-1FA0-49CD-B5CD-AD0626D4282C"},"url":{"web":"assets/2E7812E4B7DF323243CABD4AC26BF9A1.png"},"width":960,"height":540},"1EA68F160E016F22C7C84E9A692F8B8C":{"type":"texture","index":27,"assetRequest":{"type":"slide","state":"outgoing","slide":"CD46249D-DAC7-4531-BB7A-A76CE6071E50"},"url":{"web":"assets/1EA68F160E016F22C7C84E9A692F8B8C.png"},"width":960,"height":540}},"events":[{"effects":[{"beginTime":0,"baseLayer":{"animations":[],"initialState":{"affineTransform":[1,0,0,1,0,0],"masksToBounds":false,"rotation":0,"scale":1,"position":{"pointX":480,"pointY":270},"width":960,"sublayerTransform":[1,0,0,0,0,1,0,0,0,0,1,0,0,0,0,1],"contentsRect":{"y":0,"x":0,"width":1,"height":1},"opacity":1,"edgeAntialiasingMask":251658240,"height":540,"hidden":false,"anchorPoint":{"pointX":0.5,"pointY":0.5}},"objectID":"0","layers":[{"animations":[],"initialState":{"affineTransform":[1,0,0,1,0,0],"masksToBounds":false,"rotation":0,"scale":1,"position":{"pointX":480,"pointY":270},"width":960,"sublayerTransform":[1,0,0,0,0,1,0,0,0,0,1,-0.0007001582493355197,0,0,0,1],"contentsRect":{"y":0,"x":0,"width":1,"height":1},"opacity":1,"edgeAntialiasingMask":251658240,"height":540,"hidden":false,"anchorPoint":{"pointX":0.5,"pointY":0.5}},"layers":[{"animations":[],"layers":[],"initialState":{"affineTransform":[1,0,0,1,0,0],"masksToBounds":false,"rotation":0,"scale":1,"position":{"pointX":480,"pointY":270},"width":960,"sublayerTransform":[1,0,0,0,0,1,0,0,0,0,1,0,0,0,0,1],"contentsRect":{"y":0,"x":0,"width":1,"height":1},"opacity":1,"edgeAntialiasingMask":0,"height":540,"hidden":false,"anchorPoint":{"pointX":0.5,"pointY":0.5}},"texture":"2E7812E4B7DF323243CABD4AC26BF9A1"},{"animations":[{"timeOffset":0,"from":{"scalar":false},"beginTime":0,"repeatCount":0,"fillMode":"both","property":"hidden","autoreverses":false,"duration":0.01,"to":{"scalar":true}}],"layers":[],"initialState":{"affineTransform":[1,0,0,1,0,0],"masksToBounds":false,"rotation":0,"scale":1,"position":{"pointX":480,"pointY":270},"width":960,"sublayerTransform":[1,0,0,0,0,1,0,0,0,0,1,0,0,0,0,1],"contentsRect":{"y":0,"x":0,"width":1,"height":1},"opacity":1,"edgeAntialiasingMask":0,"height":540,"hidden":false,"anchorPoint":{"pointX":0.5,"pointY":0.5}},"texture":"1EA68F160E016F22C7C84E9A692F8B8C"}]}]},"effects":[],"duration":0.01,"type":"transition","name":"none","objectID":"0"}],"automaticPlay":false,"hyperlinks":[],"accessibility":[{"text":"默认值：","targetRectangle":{"y":49.34999990463257,"x":69.59999990463257,"width":176,"height":62}},{"text":"2cpu   &&  >=2G   ：server-class machine","targetRectangle":{"y":147.3499999046326,"x":87.59999966621399,"width":474.6559999999999,"height":28}},{"text":">>>","targetRectangle":{"y":172.5499992370605,"x":69.59999990463257,"width":56.02800000000001,"height":38}},{"text":"Throughput garbage collector，Initial heap size 1/64x～1G，Maximum heap size ¼ ～1G，Server runtime compiler","targetRectangle":{"y":207.7499985694885,"x":69.59999990463257,"width":807.744,"height":63.19999933242798}},{"text":"：：64bit parallel collector","targetRectangle":{"y":268.1499972343445,"x":69.59999990463257,"width":298.4800000000001,"height":38}},{"text":"java -XX:+PrintFlagsFinal <GC options> -version| grep MaxHeapSize","targetRectangle":{"y":373.7499952316284,"x":110.1000000238419,"width":703.6500000000001,"height":35}},{"text":"-XX:+PrintCommandLineFlags","targetRectangle":{"y":403.9999952912331,"x":110.1000000238419,"width":311.725,"height":35}}],"baseLayer":{"animations":[],"initialState":{"affineTransform":[1,0,0,1,0,0],"masksToBounds":false,"rotation":0,"scale":1,"position":{"pointX":480,"pointY":270},"width":960,"sublayerTransform":[1,0,0,0,0,1,0,0,0,0,1,0,0,0,0,1],"contentsRect":{"y":0,"x":0,"width":1,"height":1},"opacity":1,"edgeAntialiasingMask":251658240,"height":540,"hidden":false,"anchorPoint":{"pointX":0.5,"pointY":0.5}},"objectID":"0","layers":[{"animations":[],"initialState":{"affineTransform":[1,0,0,1,0,0],"masksToBounds":false,"rotation":0,"scale":1,"position":{"pointX":480,"pointY":270},"width":960,"sublayerTransform":[1,0,0,0,0,1,0,0,0,0,1,-0.0007001582493355197,0,0,0,1],"contentsRect":{"y":0,"x":0,"width":1,"height":1},"opacity":1,"edgeAntialiasingMask":251658240,"height":540,"hidden":false,"anchorPoint":{"pointX":0.5,"pointY":0.5}},"layers":[{"animations":[],"layers":[],"initialState":{"affineTransform":[1,0,0,1,0,0],"masksToBounds":false,"rotation":0,"scale":1,"position":{"pointX":480,"pointY":270},"width":960,"sublayerTransform":[1,0,0,0,0,1,0,0,0,0,1,0,0,0,0,1],"contentsRect":{"y":0,"x":0,"width":1,"height":1},"opacity":1,"edgeAntialiasingMask":0,"height":540,"hidden":false,"anchorPoint":{"pointX":0.5,"pointY":0.5}},"texture":"1EA68F160E016F22C7C84E9A692F8B8C"}]}]}}]}