{"assets":{"1EA68F160E016F22C7C84E9A692F8B8C":{"type":"texture","index":26,"assetRequest":{"type":"slide","state":"incoming","slide":"CD46249D-DAC7-4531-BB7A-A76CE6071E50"},"url":{"web":"assets/1EA68F160E016F22C7C84E9A692F8B8C.png"},"width":960,"height":540},"3B6C3CC3227770F27FBFDB8FFB38F3CF":{"type":"texture","index":25,"assetRequest":{"type":"slide","state":"outgoing","slide":"644F2E79-A4C9-41F0-97AF-59404D82F112"},"url":{"web":"assets/3B6C3CC3227770F27FBFDB8FFB38F3CF.png"},"width":960,"height":540}},"events":[{"effects":[{"beginTime":0,"baseLayer":{"animations":[],"initialState":{"affineTransform":[1,0,0,1,0,0],"masksToBounds":false,"rotation":0,"scale":1,"position":{"pointX":480,"pointY":270},"width":960,"sublayerTransform":[1,0,0,0,0,1,0,0,0,0,1,0,0,0,0,1],"contentsRect":{"y":0,"x":0,"width":1,"height":1},"opacity":1,"edgeAntialiasingMask":251658240,"height":540,"hidden":false,"anchorPoint":{"pointX":0.5,"pointY":0.5}},"objectID":"0","layers":[{"animations":[],"initialState":{"affineTransform":[1,0,0,1,0,0],"masksToBounds":false,"rotation":0,"scale":1,"position":{"pointX":480,"pointY":270},"width":960,"sublayerTransform":[1,0,0,0,0,1,0,0,0,0,1,-0.0007001582493355197,0,0,0,1],"contentsRect":{"y":0,"x":0,"width":1,"height":1},"opacity":1,"edgeAntialiasingMask":251658240,"height":540,"hidden":false,"anchorPoint":{"pointX":0.5,"pointY":0.5}},"layers":[{"animations":[],"layers":[],"initialState":{"affineTransform":[1,0,0,1,0,0],"masksToBounds":false,"rotation":0,"scale":1,"position":{"pointX":480,"pointY":270},"width":960,"sublayerTransform":[1,0,0,0,0,1,0,0,0,0,1,0,0,0,0,1],"contentsRect":{"y":0,"x":0,"width":1,"height":1},"opacity":1,"edgeAntialiasingMask":0,"height":540,"hidden":false,"anchorPoint":{"pointX":0.5,"pointY":0.5}},"texture":"1EA68F160E016F22C7C84E9A692F8B8C"},{"animations":[{"timeOffset":0,"from":{"scalar":false},"beginTime":0,"repeatCount":0,"fillMode":"both","property":"hidden","autoreverses":false,"duration":0.01,"to":{"scalar":true}}],"layers":[],"initialState":{"affineTransform":[1,0,0,1,0,0],"masksToBounds":false,"rotation":0,"scale":1,"position":{"pointX":480,"pointY":270},"width":960,"sublayerTransform":[1,0,0,0,0,1,0,0,0,0,1,0,0,0,0,1],"contentsRect":{"y":0,"x":0,"width":1,"height":1},"opacity":1,"edgeAntialiasingMask":0,"height":540,"hidden":false,"anchorPoint":{"pointX":0.5,"pointY":0.5}},"texture":"3B6C3CC3227770F27FBFDB8FFB38F3CF"}]}]},"effects":[],"duration":0.01,"type":"transition","name":"none","objectID":"0"}],"automaticPlay":false,"hyperlinks":[],"accessibility":[{"text":"》》 Concurrent collector","targetRectangle":{"y":71.19083094596863,"x":71.19584077596664,"width":199.43505859375,"height":36}},{"text":"4.Concurrent Mark& Sweep GC  (or “CMS”):优先响应时间，弱化吞吐，以cpu资源换取shorter major collection pause time（a large tenured && 2+ cpu)， gc过程中并非所有阶段都stop-the-world ,(Scheduling Pauses)","targetRectangle":{"y":99.91083168983459,"x":71.19584077596664,"width":792.88818359375,"height":70.44000148773193}},{"text":"缺点：cpu 内存消耗增加，当碎片过多需要压缩时，stop-the-world时间更长,相对的cpu少时效果不是很理想(增量模式，1 or 2cpu，@Deprecated","targetRectangle":{"y":163.9108338356018,"x":107.1958407759666,"width":765.232421875,"height":54.72000074386597}},{"text":"5.Garbage First (G1) GC ，最快的，针对高配服务器，算法想对复杂，调优也比较难搞，jdk8推荐","targetRectangle":{"y":211.3508353233337,"x":71.19584077596664,"width":800.6162109375,"height":36.0000826716423}}],"baseLayer":{"animations":[],"initialState":{"affineTransform":[1,0,0,1,0,0],"masksToBounds":false,"rotation":0,"scale":1,"position":{"pointX":480,"pointY":270},"width":960,"sublayerTransform":[1,0,0,0,0,1,0,0,0,0,1,0,0,0,0,1],"contentsRect":{"y":0,"x":0,"width":1,"height":1},"opacity":1,"edgeAntialiasingMask":251658240,"height":540,"hidden":false,"anchorPoint":{"pointX":0.5,"pointY":0.5}},"objectID":"0","layers":[{"animations":[],"initialState":{"affineTransform":[1,0,0,1,0,0],"masksToBounds":false,"rotation":0,"scale":1,"position":{"pointX":480,"pointY":270},"width":960,"sublayerTransform":[1,0,0,0,0,1,0,0,0,0,1,-0.0007001582493355197,0,0,0,1],"contentsRect":{"y":0,"x":0,"width":1,"height":1},"opacity":1,"edgeAntialiasingMask":251658240,"height":540,"hidden":false,"anchorPoint":{"pointX":0.5,"pointY":0.5}},"layers":[{"animations":[],"layers":[],"initialState":{"affineTransform":[1,0,0,1,0,0],"masksToBounds":false,"rotation":0,"scale":1,"position":{"pointX":480,"pointY":270},"width":960,"sublayerTransform":[1,0,0,0,0,1,0,0,0,0,1,0,0,0,0,1],"contentsRect":{"y":0,"x":0,"width":1,"height":1},"opacity":1,"edgeAntialiasingMask":0,"height":540,"hidden":false,"anchorPoint":{"pointX":0.5,"pointY":0.5}},"texture":"3B6C3CC3227770F27FBFDB8FFB38F3CF"}]}]}}]}