{"autoplayTransitionDelay":5,"author":"","timestamp":"2016-15-21 9:3:3","loopSlideshow":0,"filename":"jvm_gc.key","autoplayBuildDelay":2,"comment":"","title":"jvm_gc.key","showMode":0,"creator":"Apple Keynote 6.6.1","slideList":["20DFEE94-1498-457C-A17E-5A716A4CC2A5","5A2A5CB4-371C-4E3C-AF7E-E5094D4989DA","EB276539-EA9E-4162-AF59-22AAE1F56F15","F9E6BF73-F011-4EA8-93A3-D723824A362D","BBADA9BB-3479-49A1-AA2F-3397904E44FC","4B7DDB76-B606-4795-AC2D-BAA737B4C908","0D5E8077-1385-4BFE-9C87-AA1F0ED6BA78","350018D2-6950-4A0D-B833-3746437D83AE","7DBC3949-9D0B-41B2-BC41-14EB39778A4E","644F2E79-A4C9-41F0-97AF-59404D82F112","CD46249D-DAC7-4531-BB7A-A76CE6071E50","9EAECF4B-1FA0-49CD-B5CD-AD0626D4282C","2C1437B5-B643-499C-B753-FEAC902553FE","B5368D7E-997C-4F2D-90DB-6328F15CB881","FC4836A4-30E0-488E-AADF-8C577FF0F025","9D79EEC1-34B1-4F74-8B4D-7EDDA178DF63","7E20E6C9-74E4-46F0-A933-BF5888E6706D","E59296BD-808A-40F2-B6A6-800901F506FE","40EF3E6F-4592-45B1-8678-095CE5DAA9A6","A43DD036-C165-461C-8EB7-8FBDA8F2E012","B8B881B0-EBAA-49BC-9EAB-706F157D2EAC","3307376D-324E-4119-9374-06389F0C7DCA","B18BAB80-D704-4F76-9105-58DAB028B8A2","2B35E80F-014F-4B23-9E7E-D0E13B723F4B","24855F5E-AF9E-418B-B122-8B66EAB5E402","5941F965-107C-4E64-85F2-9A1F7C893D0E","02F55E95-BDB5-4EA7-BF90-375A56E04AC2"],"soundtrack":{"mode":0,"volume":1},"slideWidth":960,"slideHeight":540,"slideCount":27,"majorVersion":1,"minorVersion":2,"fonts":["Helvetica","Monaco","Times-Roman","STFangsong","Helvetica-Light","TrebuchetMS-Bold","STSongti-SC-Bold","ArialMT","TrebuchetMS","PingFangSC-Regular","PingFangSC-Light","PingFangSC-Semibold","STSongti-SC-Regular","LucidaGrande"]}