{"assets":{"A4A3B8E2CE3CE8417437FD65F7D8B438":{"type":"texture","index":33,"assetRequest":{"type":"slide","state":"outgoing","slide":"B5368D7E-997C-4F2D-90DB-6328F15CB881"},"url":{"web":"assets/A4A3B8E2CE3CE8417437FD65F7D8B438.png"},"width":960,"height":540},"BEBA4989EE0E7D776C2CE4AC8E9B9042":{"type":"texture","index":34,"assetRequest":{"type":"slide","state":"incoming","slide":"FC4836A4-30E0-488E-AADF-8C577FF0F025"},"url":{"web":"assets/BEBA4989EE0E7D776C2CE4AC8E9B9042.png"},"width":960,"height":540}},"events":[{"effects":[{"beginTime":0,"baseLayer":{"animations":[],"initialState":{"affineTransform":[1,0,0,1,0,0],"masksToBounds":false,"rotation":0,"scale":1,"position":{"pointX":480,"pointY":270},"width":960,"sublayerTransform":[1,0,0,0,0,1,0,0,0,0,1,0,0,0,0,1],"contentsRect":{"y":0,"x":0,"width":1,"height":1},"opacity":1,"edgeAntialiasingMask":251658240,"height":540,"hidden":false,"anchorPoint":{"pointX":0.5,"pointY":0.5}},"objectID":"0","layers":[{"animations":[],"initialState":{"affineTransform":[1,0,0,1,0,0],"masksToBounds":false,"rotation":0,"scale":1,"position":{"pointX":480,"pointY":270},"width":960,"sublayerTransform":[1,0,0,0,0,1,0,0,0,0,1,-0.0007001582493355197,0,0,0,1],"contentsRect":{"y":0,"x":0,"width":1,"height":1},"opacity":1,"edgeAntialiasingMask":251658240,"height":540,"hidden":false,"anchorPoint":{"pointX":0.5,"pointY":0.5}},"layers":[{"animations":[],"layers":[],"initialState":{"affineTransform":[1,0,0,1,0,0],"masksToBounds":false,"rotation":0,"scale":1,"position":{"pointX":480,"pointY":270},"width":960,"sublayerTransform":[1,0,0,0,0,1,0,0,0,0,1,0,0,0,0,1],"contentsRect":{"y":0,"x":0,"width":1,"height":1},"opacity":1,"edgeAntialiasingMask":0,"height":540,"hidden":false,"anchorPoint":{"pointX":0.5,"pointY":0.5}},"texture":"BEBA4989EE0E7D776C2CE4AC8E9B9042"},{"animations":[{"timeOffset":0,"from":{"scalar":false},"beginTime":0,"repeatCount":0,"fillMode":"both","property":"hidden","autoreverses":false,"duration":0.01,"to":{"scalar":true}}],"layers":[],"initialState":{"affineTransform":[1,0,0,1,0,0],"masksToBounds":false,"rotation":0,"scale":1,"position":{"pointX":480,"pointY":270},"width":960,"sublayerTransform":[1,0,0,0,0,1,0,0,0,0,1,0,0,0,0,1],"contentsRect":{"y":0,"x":0,"width":1,"height":1},"opacity":1,"edgeAntialiasingMask":0,"height":540,"hidden":false,"anchorPoint":{"pointX":0.5,"pointY":0.5}},"texture":"A4A3B8E2CE3CE8417437FD65F7D8B438"}]}]},"effects":[],"duration":0.01,"type":"transition","name":"none","objectID":"0"}],"automaticPlay":false,"hyperlinks":[],"accessibility":[{"text":"确定maximum heap size (<physicmemory","targetRectangle":{"y":130.9458403587341,"x":73.64563703536987,"width":442.40625,"height":33}},{"text":"增加新时代空间，同时也调高stack space","targetRectangle":{"y":160.6458395719528,"x":69.78849458694458,"width":435.7265625,"height":43}},{"text":"保证老年代空间满足最大同时存活容量","targetRectangle":{"y":200.3458387851715,"x":92.93135213851929,"width":408,"height":43}},{"text":"增加cpu时调大新生代内存","targetRectangle":{"y":240.0458379983902,"x":69.78849458694458,"width":278.3671875,"height":43}},{"text":"不能因为某个应用使用的GC参数“A”，就说明同样的参数也能给其他服务带来最佳的效果。而是要因地制宜，有的放矢。 ","targetRectangle":{"y":320.3458364009857,"x":56.9313525557518,"width":797.9814453125,"height":54.72000074386597}},{"text":"gc 参数的也是需要变化的：服务器配置变更、业务代码改动、期望效果的提升、流量变化。。。","targetRectangle":{"y":367.7858378887177,"x":56.9313525557518,"width":801.68310546875,"height":36}},{"text":"参数确定一般步骤","targetRectangle":{"y":49.34999990463257,"x":69.59999990463257,"width":352,"height":62}}],"baseLayer":{"animations":[],"initialState":{"affineTransform":[1,0,0,1,0,0],"masksToBounds":false,"rotation":0,"scale":1,"position":{"pointX":480,"pointY":270},"width":960,"sublayerTransform":[1,0,0,0,0,1,0,0,0,0,1,0,0,0,0,1],"contentsRect":{"y":0,"x":0,"width":1,"height":1},"opacity":1,"edgeAntialiasingMask":251658240,"height":540,"hidden":false,"anchorPoint":{"pointX":0.5,"pointY":0.5}},"objectID":"0","layers":[{"animations":[],"initialState":{"affineTransform":[1,0,0,1,0,0],"masksToBounds":false,"rotation":0,"scale":1,"position":{"pointX":480,"pointY":270},"width":960,"sublayerTransform":[1,0,0,0,0,1,0,0,0,0,1,-0.0007001582493355197,0,0,0,1],"contentsRect":{"y":0,"x":0,"width":1,"height":1},"opacity":1,"edgeAntialiasingMask":251658240,"height":540,"hidden":false,"anchorPoint":{"pointX":0.5,"pointY":0.5}},"layers":[{"animations":[],"layers":[],"initialState":{"affineTransform":[1,0,0,1,0,0],"masksToBounds":false,"rotation":0,"scale":1,"position":{"pointX":480,"pointY":270},"width":960,"sublayerTransform":[1,0,0,0,0,1,0,0,0,0,1,0,0,0,0,1],"contentsRect":{"y":0,"x":0,"width":1,"height":1},"opacity":1,"edgeAntialiasingMask":0,"height":540,"hidden":false,"anchorPoint":{"pointX":0.5,"pointY":0.5}},"texture":"A4A3B8E2CE3CE8417437FD65F7D8B438"}]}]}}]}